CREATE TABLE IF NOT EXISTS "app_absent" ("id" integer NOT NULL PRIMARY KEY AUTOINCREMENT, "date_abcence" datetime NOT NULL, "employe_id" bigint NOT NULL REFERENCES "app_employe" ("id") DEFERRABLE INITIALLY DEFERRED);
INSERT INTO "app_absent" VALUES(1,'2024-01-02 00:00:00',17);
INSERT INTO "app_absent" VALUES(2,'2024-01-10 00:00:00',17);
CREATE UNIQUE INDEX "app_absent_employe_id_date_abcence_5a9119a1_uniq" ON "app_absent" ("employe_id", "date_abcence");
CREATE INDEX IF NOT EXISTS "app_absent_employe_id_99ff3a28" ON "app_absent" ("employe_id");
CREATE UNIQUE INDEX "app_achat_fournisseur_id_matiere_achete_id_buyed_at_3b0e72b5_uniq" ON "app_achat" ("fournisseur_id", "matiere_achete_id", "buyed_at");
CREATE INDEX IF NOT EXISTS "app_achat_fournisseur_id_df1b44e7" ON "app_achat" ("fournisseur_id");
CREATE INDEX IF NOT EXISTS "app_achat_matiere_achete_id_7b00d22e" ON "app_achat" ("matiere_achete_id");
CREATE INDEX IF NOT EXISTS "app_employe_EmployeCentre_id_2b2d46a0" ON "app_employe" ("EmployeCentre_id");
CREATE UNIQUE INDEX "app_ingridiant_produit_id_matiere_id_0f3663d3_uniq" ON "app_ingridiant" ("produit_id", "matiere_id");
CREATE INDEX IF NOT EXISTS "app_ingridiant_matiere_id_5f5a9080" ON "app_ingridiant" ("matiere_id");
CREATE INDEX IF NOT EXISTS "app_ingridiant_produit_id_45775460" ON "app_ingridiant" ("produit_id");
CREATE UNIQUE INDEX "app_massrouf_employe_id_demende_at_1412f299_uniq" ON "app_massrouf" ("employe_id", "demende_at");
CREATE INDEX IF NOT EXISTS "app_massrouf_employe_id_4d109e96" ON "app_massrouf" ("employe_id");
CREATE UNIQUE INDEX "app_paymentachat_fournisseur_id_pay_at_23686ffc_uniq" ON "app_paymentachat" ("fournisseur_id", "pay_at");
CREATE INDEX IF NOT EXISTS "app_paymentachat_fournisseur_id_79adb214" ON "app_paymentachat" ("fournisseur_id");
CREATE UNIQUE INDEX "app_paymentvente_client_id_pay_at_a628ceef_uniq" ON "app_paymentvente" ("client_id", "pay_at");
CREATE INDEX IF NOT EXISTS "app_paymentvente_client_id_c52815a0" ON "app_paymentvente" ("client_id");
CREATE UNIQUE INDEX "app_transfert_centre_id_produit_transfere_id_transfer_at_67b8afe0_uniq" ON "app_transfert" ("centre_id", "produit_transfere_id", "transfer_at");
CREATE INDEX IF NOT EXISTS "app_transfert_centre_id_f6c76dd0" ON "app_transfert" ("centre_id");
CREATE INDEX IF NOT EXISTS "app_transfert_produit_transfere_id_9bf43697" ON "app_transfert" ("produit_transfere_id");
CREATE UNIQUE INDEX "app_ventem_client_id_matiere_vendus_id_salled_at_638423cd_uniq" ON "app_ventem" ("client_id", "matiere_vendus_id", "salled_at");
CREATE INDEX IF NOT EXISTS "app_ventem_client_id_aec2496a" ON "app_ventem" ("client_id");
CREATE INDEX IF NOT EXISTS "app_ventem_matiere_vendus_id_50ab3035" ON "app_ventem" ("matiere_vendus_id");
CREATE INDEX IF NOT EXISTS "app_ventep_client_id_88d20d9a" ON "app_ventep" ("client_id");
CREATE INDEX IF NOT EXISTS "app_ventep_produit_vendus_id_13d61abc" ON "app_ventep" ("produit_vendus_id");
CREATE INDEX IF NOT EXISTS "app_ventep_lieu_ventes_id_df768cfb" ON "app_ventep" ("lieu_ventes_id");
CREATE UNIQUE INDEX "app_ventep_client_id_produit_vendus_id_salled_at_lieu_ventes_id_b4561e77_uniq" ON "app_ventep" ("client_id", "produit_vendus_id", "salled_at", "lieu_ventes_id");
CREATE UNIQUE INDEX "auth_group_permissions_group_id_permission_id_0cd325b0_uniq" ON "auth_group_permissions" ("group_id", "permission_id");
CREATE INDEX IF NOT EXISTS "auth_group_permissions_group_id_b120cbf9" ON "auth_group_permissions" ("group_id");
CREATE INDEX IF NOT EXISTS "auth_group_permissions_permission_id_84c5c92e" ON "auth_group_permissions" ("permission_id");
CREATE UNIQUE INDEX "auth_permission_content_type_id_codename_01ab375a_uniq" ON "auth_permission" ("content_type_id", "codename");
CREATE INDEX IF NOT EXISTS "auth_permission_content_type_id_2f476e4b" ON "auth_permission" ("content_type_id");
CREATE UNIQUE INDEX "auth_user_groups_user_id_group_id_94350c0c_uniq" ON "auth_user_groups" ("user_id", "group_id");
CREATE INDEX IF NOT EXISTS "auth_user_groups_user_id_6a12ed8b" ON "auth_user_groups" ("user_id");
CREATE INDEX IF NOT EXISTS "auth_user_groups_group_id_97559544" ON "auth_user_groups" ("group_id");
CREATE UNIQUE INDEX "auth_user_user_permissions_user_id_permission_id_14a6b632_uniq" ON "auth_user_user_permissions" ("user_id", "permission_id");
CREATE INDEX IF NOT EXISTS "auth_user_user_permissions_user_id_a95ead1b" ON "auth_user_user_permissions" ("user_id");
CREATE INDEX IF NOT EXISTS "auth_user_user_permissions_permission_id_1fbb5f2c" ON "auth_user_user_permissions" ("permission_id");
CREATE INDEX IF NOT EXISTS "django_admin_log_content_type_id_c4bce8eb" ON "django_admin_log" ("content_type_id");
CREATE INDEX IF NOT EXISTS "django_admin_log_user_id_c564eba6" ON "django_admin_log" ("user_id");
CREATE UNIQUE INDEX "django_content_type_app_label_model_76bd3d3b_uniq" ON "django_content_type" ("app_label", "model");
CREATE INDEX IF NOT EXISTS "django_session_expire_date_a5c62663" ON "django_session" ("expire_date");
CREATE INDEX IF NOT EXISTS "django_apscheduler_djangojob_next_run_time_2f022619" ON "django_apscheduler_djangojob" ("next_run_time");
CREATE INDEX IF NOT EXISTS "django_apscheduler_djangojobexecution_run_time_16edd96b" ON "django_apscheduler_djangojobexecution" ("run_time");
CREATE INDEX IF NOT EXISTS "django_apscheduler_djangojobexecution_job_id_daf5090a" ON "django_apscheduler_djangojobexecution" ("job_id");
CREATE TABLE IF NOT EXISTS "app_achat" ("id" integer NOT NULL PRIMARY KEY AUTOINCREMENT, "buyed_at" datetime NOT NULL, "prix_unitaire_HT" decimal NOT NULL, "quantitHT" integer NOT NULL, "montantTotalHT" decimal NOT NULL, "fournisseur_id" bigint NOT NULL REFERENCES "app_fournisseur" ("id") DEFERRABLE INITIALLY DEFERRED, "quantitDispo" integer NOT NULL, "matiere_achete_id" bigint NOT NULL REFERENCES "app_matierepremiere" ("id") DEFERRABLE INITIALLY DEFERRED);
INSERT INTO "app_achat" VALUES(1,'2024-01-18 10:04:26',95.48,2,190.96,1,1,1);
INSERT INTO "app_achat" VALUES(2,'2024-01-08 17:07:14',55.55,7,388.85,1,0,1);
INSERT INTO "app_achat" VALUES(3,'2024-01-16 09:01:29',1.02,5,5.1,1,0,2);
INSERT INTO "app_achat" VALUES(4,'2024-01-03 22:09:20',97.42,8,779.36,1,5,4);
INSERT INTO "app_achat" VALUES(5,'2024-01-06 04:29:08',14.55,5,72.75,1,2,4);
INSERT INTO "app_achat" VALUES(6,'2024-01-04 03:43:16',17.96,2,35.92,2,5,5);
INSERT INTO "app_achat" VALUES(7,'2024-01-11 17:25:08',86.41,9,777.69,2,0,2);
INSERT INTO "app_achat" VALUES(8,'2024-01-18 08:56:39',46.51,5,232.55,2,0,1);
INSERT INTO "app_achat" VALUES(9,'2024-01-14 00:49:11',28.75,4,115,2,0,1);
INSERT INTO "app_achat" VALUES(10,'2024-01-01 20:41:36',66.52,5,332.6,2,0,1);
INSERT INTO "app_achat" VALUES(11,'2024-01-02 03:52:14',46.46,8,371.68,3,2,5);
INSERT INTO "app_achat" VALUES(12,'2024-01-01 22:58:08',84.82,4,339.28,3,0,3);
INSERT INTO "app_achat" VALUES(13,'2024-01-15 16:28:46',21.49,8,171.92,3,0,3);
INSERT INTO "app_achat" VALUES(14,'2024-01-06 15:14:15',56.99,1,56.99,3,1,5);
INSERT INTO "app_achat" VALUES(15,'2024-01-12 00:12:34',89.53,3,268.59,3,0,5);
INSERT INTO "app_achat" VALUES(16,'2024-01-01 07:38:50',52.76,9,474.84,4,1,4);
INSERT INTO "app_achat" VALUES(17,'2024-01-12 17:16:32',37.03,1,37.03,4,0,1);
INSERT INTO "app_achat" VALUES(18,'2024-01-05 02:02:52',10.02,7,70.14,4,3,1);
INSERT INTO "app_achat" VALUES(19,'2024-01-04 20:29:04',83.85,1,83.85,4,2,1);
INSERT INTO "app_achat" VALUES(20,'2024-01-05 13:39:13',88.63,6,531.78,4,0,1);
INSERT INTO "app_achat" VALUES(21,'2024-01-01 20:56:05',30.92,4,123.68,5,0,4);
INSERT INTO "app_achat" VALUES(22,'2024-01-12 21:34:46',28.3,9,254.7,5,2,4);
INSERT INTO "app_achat" VALUES(23,'2024-01-09 02:50:25',41.89,3,125.67,5,2,1);
INSERT INTO "app_achat" VALUES(24,'2024-01-19 14:37:39',59.87,2,119.74,5,1,4);
INSERT INTO "app_achat" VALUES(25,'2024-01-16 10:01:02',39.28,7,274.96,5,0,2);
INSERT INTO "app_achat" VALUES(26,'2024-01-12 01:41:32',89.19,2,178.38,1,0,3);
INSERT INTO "app_achat" VALUES(27,'2024-01-14 06:21:42',55.98,9,503.82,1,5,5);
INSERT INTO "app_achat" VALUES(28,'2024-01-01 23:29:11',50.71,3,152.13,1,5,8);
INSERT INTO "app_achat" VALUES(29,'2024-01-12 20:50:59',93.78,6,562.68,1,5,5);
INSERT INTO "app_achat" VALUES(30,'2024-01-08 15:45:06',78.17,6,469.02,1,0,3);
INSERT INTO "app_achat" VALUES(31,'2024-01-04 22:36:06',68.68,10,686.8,2,2,1);
INSERT INTO "app_achat" VALUES(32,'2024-01-20 02:56:21',65.92,3,197.76,2,2,1);
INSERT INTO "app_achat" VALUES(33,'2024-01-05 13:10:33',82.63,2,165.26,2,0,7);
INSERT INTO "app_achat" VALUES(34,'2024-01-02 01:16:25',78.3,10,783,2,0,10);
INSERT INTO "app_achat" VALUES(35,'2024-01-02 21:33:38',41.53,6,249.18,2,0,6);
INSERT INTO "app_achat" VALUES(36,'2024-01-15 06:36:26',15.41,6,92.46,3,2,8);
INSERT INTO "app_achat" VALUES(37,'2024-01-17 01:51:20',8.65,2,17.3,3,4,1);
INSERT INTO "app_achat" VALUES(38,'2024-01-09 22:20:33',12.81,6,76.86,3,2,1);
INSERT INTO "app_achat" VALUES(39,'2024-01-12 12:26:30',67.47,4,269.88,3,0,10);
INSERT INTO "app_achat" VALUES(40,'2024-01-02 22:54:18',42.57,7,297.99,3,1,4);
INSERT INTO "app_achat" VALUES(41,'2024-01-07 02:33:09',63.86,5,319.3,4,2,1);
INSERT INTO "app_achat" VALUES(42,'2024-01-20 14:44:11',49.16,1,49.16,4,0,6);
INSERT INTO "app_achat" VALUES(43,'2024-01-11 11:52:33',68.14,8,545.12,4,4,10);
INSERT INTO "app_achat" VALUES(44,'2024-01-15 11:20:11',71.42,7,499.94,4,5,1);
INSERT INTO "app_achat" VALUES(45,'2024-01-10 10:17:30',98.41,9,885.69,4,0,3);
INSERT INTO "app_achat" VALUES(46,'2024-01-15 12:23:37',71.09,6,426.54,5,0,6);
INSERT INTO "app_achat" VALUES(47,'2024-01-21 10:38:29',30.88,10,308.8,5,0,2);
INSERT INTO "app_achat" VALUES(48,'2024-01-05 19:34:53',32.27,7,225.89,5,1,6);
INSERT INTO "app_achat" VALUES(49,'2024-01-03 09:22:26',69.59,10,695.9,5,0,4);
INSERT INTO "app_achat" VALUES(50,'2024-01-13 10:16:42',72.03,3,216.09,5,5,6);
INSERT INTO "app_achat" VALUES(51,'2024-02-01 00:00:00',12,12,144,1,12,1);
INSERT INTO "app_achat" VALUES(52,'2024-02-02 00:00:00',12,12,144,1,12,1);
INSERT INTO "app_achat" VALUES(53,'2024-02-07 00:00:00',12,12,144,2,12,1);
INSERT INTO "app_achat" VALUES(54,'2024-01-24 00:00:00',30,4,120,1,4,1);
INSERT INTO "app_achat" VALUES(55,'2024-01-08 00:00:00',7,0,0,3,0,1);
INSERT INTO "app_achat" VALUES(56,'2024-01-15 00:00:00',100,0,0,3,0,1);
INSERT INTO "app_achat" VALUES(57,'2023-11-08 20:00:17',63.49,7,444.43,1,4,4);
INSERT INTO "app_achat" VALUES(58,'2023-05-03 00:04:49',68.1,4,272.4,1,5,1);
INSERT INTO "app_achat" VALUES(59,'2023-10-26 15:32:48',64.11,9,576.99,1,5,4);
INSERT INTO "app_achat" VALUES(60,'2023-09-04 13:22:15',26.97,1,26.97,1,4,3);
INSERT INTO "app_achat" VALUES(61,'2023-12-14 19:12:40',61.31,3,183.93,1,4,8);
INSERT INTO "app_achat" VALUES(62,'2023-04-19 10:41:03',48.94,10,489.4,1,5,5);
INSERT INTO "app_achat" VALUES(63,'2023-08-20 14:12:46',86.92,2,173.84,1,3,1);
INSERT INTO "app_achat" VALUES(64,'2023-09-04 22:57:57',20.01,6,120.06,1,5,7);
INSERT INTO "app_achat" VALUES(65,'2023-05-16 15:32:01',89.43,7,626.01,1,2,6);
INSERT INTO "app_achat" VALUES(66,'2023-09-08 00:56:19',73.16,6,438.96,1,4,2);
INSERT INTO "app_achat" VALUES(67,'2023-02-08 19:48:58',82.81,7,579.67,2,0,8);
INSERT INTO "app_achat" VALUES(68,'2023-05-12 08:08:34',58.73,9,528.57,2,0,8);
INSERT INTO "app_achat" VALUES(69,'2023-06-08 12:03:26',68.11,8,544.88,2,0,2);
INSERT INTO "app_achat" VALUES(70,'2023-10-11 08:35:21',72.83,2,145.66,2,0,9);
INSERT INTO "app_achat" VALUES(71,'2023-04-06 21:54:42',47.28,7,330.96,2,3,12);
INSERT INTO "app_achat" VALUES(72,'2023-06-06 19:26:43',51.72,7,362.04,2,2,1);
INSERT INTO "app_achat" VALUES(73,'2023-01-24 08:25:32',33.53,1,33.53,2,0,12);
INSERT INTO "app_achat" VALUES(74,'2023-09-29 17:10:22',57.43,1,57.43,2,2,13);
INSERT INTO "app_achat" VALUES(75,'2023-04-12 06:11:23',1.13,3,3.39,2,2,12);
INSERT INTO "app_achat" VALUES(76,'2023-03-21 08:45:13',76.11,3,228.33,2,1,13);
INSERT INTO "app_achat" VALUES(77,'2023-09-11 08:53:45',69.81,3,209.43,3,0,12);
INSERT INTO "app_achat" VALUES(78,'2023-02-04 13:16:51',70.28,4,281.12,3,1,5);
INSERT INTO "app_achat" VALUES(79,'2023-04-30 15:31:53',63.8,3,191.4,3,3,9);
INSERT INTO "app_achat" VALUES(80,'2023-01-04 02:51:07',77.81,3,233.43,3,0,13);
INSERT INTO "app_achat" VALUES(81,'2023-01-27 03:20:57',76.98,3,230.94,3,2,8);
INSERT INTO "app_achat" VALUES(82,'2023-03-10 16:54:50',84.06,1,84.06,3,0,9);
INSERT INTO "app_achat" VALUES(83,'2023-12-21 02:23:10',28.61,6,171.66,3,3,7);
INSERT INTO "app_achat" VALUES(84,'2023-02-27 04:01:44',1.34,4,5.36,3,1,2);
INSERT INTO "app_achat" VALUES(85,'2023-02-07 18:24:58',96.48,8,771.84,3,5,3);
INSERT INTO "app_achat" VALUES(86,'2023-10-27 23:07:14',50.25,9,452.25,3,5,12);
INSERT INTO "app_achat" VALUES(87,'2023-03-27 18:01:59',7.67,2,15.34,4,1,13);
INSERT INTO "app_achat" VALUES(88,'2023-06-23 21:59:03',50.15,5,250.75,4,4,3);
INSERT INTO "app_achat" VALUES(89,'2023-10-17 16:21:39',67.17,2,134.34,4,5,10);
INSERT INTO "app_achat" VALUES(90,'2023-01-21 09:06:33',43.11,7,301.77,4,0,6);
INSERT INTO "app_achat" VALUES(91,'2023-01-27 15:57:42',34.34,8,274.72,4,5,2);
INSERT INTO "app_achat" VALUES(92,'2023-09-15 14:03:52',44.6,6,267.6,4,2,4);
INSERT INTO "app_achat" VALUES(93,'2023-12-15 18:32:11',77.58,10,775.8,4,3,6);
INSERT INTO "app_achat" VALUES(94,'2023-10-01 23:41:02',57.21,1,57.21,4,1,11);
INSERT INTO "app_achat" VALUES(95,'2023-06-14 02:22:38',92.87,5,464.35,4,5,3);
INSERT INTO "app_achat" VALUES(96,'2023-04-08 22:32:10',55.41,9,498.69,4,2,10);
INSERT INTO "app_achat" VALUES(97,'2023-08-30 22:25:28',67.36,2,134.72,5,1,4);
INSERT INTO "app_achat" VALUES(98,'2023-08-22 04:19:58',48.79,10,487.9,5,4,11);
INSERT INTO "app_achat" VALUES(99,'2023-03-24 05:48:07',31.62,4,126.48,5,3,1);
INSERT INTO "app_achat" VALUES(100,'2023-08-06 00:52:59',37.75,4,151,5,3,12);
INSERT INTO "app_achat" VALUES(101,'2023-09-10 14:44:02',33.29,4,133.16,5,4,13);
INSERT INTO "app_achat" VALUES(102,'2023-02-05 23:44:27',81.74,10,817.4,5,2,1);
INSERT INTO "app_achat" VALUES(103,'2023-06-22 21:59:32',14.13,6,84.78,5,0,8);
INSERT INTO "app_achat" VALUES(104,'2023-12-05 13:11:30',29.26,8,234.08,5,5,3);
INSERT INTO "app_achat" VALUES(105,'2023-10-05 04:08:12',68.36,8,546.88,5,2,6);
INSERT INTO "app_achat" VALUES(106,'2023-03-08 18:13:44',92.65,1,92.65,5,4,10);
INSERT INTO "app_achat" VALUES(107,'2023-04-23 19:47:47',73.99,9,665.91,6,5,11);
INSERT INTO "app_achat" VALUES(108,'2023-12-22 16:31:32',89.48,5,447.4,6,1,2);
INSERT INTO "app_achat" VALUES(109,'2023-12-11 01:45:51',16.12,6,96.72,6,4,1);
INSERT INTO "app_achat" VALUES(110,'2023-09-26 19:19:45',64.11,3,192.33,6,5,9);
INSERT INTO "app_achat" VALUES(111,'2023-01-17 00:21:09',67.55,5,337.75,6,3,4);
INSERT INTO "app_achat" VALUES(112,'2023-08-28 02:31:50',28.91,6,173.46,6,4,8);
INSERT INTO "app_achat" VALUES(113,'2023-02-22 15:34:37',32.05,6,192.3,6,5,7);
INSERT INTO "app_achat" VALUES(114,'2023-08-29 09:37:33',43.04,2,86.08,6,0,1);
INSERT INTO "app_achat" VALUES(115,'2023-09-07 23:31:48',24,6,144,6,2,4);
INSERT INTO "app_achat" VALUES(116,'2023-10-02 11:31:29',12.75,8,102,6,3,1);
INSERT INTO "app_achat" VALUES(117,'2023-07-31 01:33:10',30.09,6,180.54,7,0,12);
INSERT INTO "app_achat" VALUES(118,'2023-02-07 20:07:37',45.26,3,135.78,7,3,3);
INSERT INTO "app_achat" VALUES(119,'2023-01-02 08:08:32',40.61,10,406.1,7,4,11);
INSERT INTO "app_achat" VALUES(120,'2023-04-21 00:50:22',77.42,9,696.78,7,3,6);
INSERT INTO "app_achat" VALUES(121,'2023-05-04 00:17:45',43.7,5,218.5,7,3,11);
INSERT INTO "app_achat" VALUES(122,'2023-05-28 22:27:58',11.85,4,47.4,7,5,2);
INSERT INTO "app_achat" VALUES(123,'2023-03-23 15:23:34',78.62,8,628.96,7,5,11);
INSERT INTO "app_achat" VALUES(124,'2023-10-26 11:15:59',72.54,1,72.54,7,1,6);
INSERT INTO "app_achat" VALUES(125,'2023-06-22 13:00:13',23.17,6,139.02,7,1,4);
INSERT INTO "app_achat" VALUES(126,'2023-09-12 04:24:57',72.27,2,144.54,7,3,6);
INSERT INTO "app_achat" VALUES(127,'2023-02-15 13:57:14',78.65,2,157.3,1,4,1);
INSERT INTO "app_achat" VALUES(128,'2023-05-11 18:39:07',99.78,9,898.02,1,4,4);
INSERT INTO "app_achat" VALUES(129,'2023-07-08 18:01:34',9.24,5,46.2,1,4,12);
INSERT INTO "app_achat" VALUES(130,'2023-11-24 14:23:26',2.71,2,5.42,1,5,5);
INSERT INTO "app_achat" VALUES(131,'2023-12-03 13:28:27',7.59,10,75.9,1,3,3);
INSERT INTO "app_achat" VALUES(132,'2023-05-17 04:53:37',49.69,4,198.76,1,5,1);
INSERT INTO "app_achat" VALUES(133,'2023-09-30 00:12:37',38.26,7,267.82,1,1,11);
INSERT INTO "app_achat" VALUES(134,'2023-06-26 21:35:01',6.9,5,34.5,1,4,8);
INSERT INTO "app_achat" VALUES(135,'2023-03-09 10:32:02',63.23,3,189.69,1,5,3);
INSERT INTO "app_achat" VALUES(136,'2023-12-07 21:58:24',61.98,10,619.8,1,5,4);
INSERT INTO "app_achat" VALUES(137,'2023-07-30 07:00:47',84.51,5,422.55,1,0,3);
INSERT INTO "app_achat" VALUES(138,'2023-07-25 04:01:03',26.13,6,156.78,1,1,9);
INSERT INTO "app_achat" VALUES(139,'2023-08-11 03:49:09',15.14,7,105.98,1,0,13);
INSERT INTO "app_achat" VALUES(140,'2023-01-18 10:01:27',11.82,1,11.82,1,0,11);
INSERT INTO "app_achat" VALUES(141,'2023-08-30 19:20:26',77.18,2,154.36,1,1,13);
INSERT INTO "app_achat" VALUES(142,'2023-07-21 10:43:56',56.59,10,565.9,1,4,6);
INSERT INTO "app_achat" VALUES(143,'2023-04-03 08:36:12',78.02,3,234.06,1,0,9);
INSERT INTO "app_achat" VALUES(144,'2023-04-25 17:44:06',67.7,7,473.9,1,1,13);
INSERT INTO "app_achat" VALUES(145,'2023-04-10 19:49:09',64.94,8,519.52,1,1,6);
INSERT INTO "app_achat" VALUES(146,'2023-11-13 14:32:22',39.95,1,39.95,1,0,3);
INSERT INTO "app_achat" VALUES(147,'2023-08-18 04:15:00',30.4,1,30.4,1,3,9);
INSERT INTO "app_achat" VALUES(148,'2023-08-16 00:33:14',18.49,3,55.47,1,4,12);
INSERT INTO "app_achat" VALUES(149,'2023-01-01 18:09:13',35.02,1,35.02,1,4,2);
INSERT INTO "app_achat" VALUES(150,'2023-07-12 14:59:55',55.56,9,500.04,1,4,11);
INSERT INTO "app_achat" VALUES(151,'2023-04-10 22:52:32',35.8,1,35.8,1,0,13);
INSERT INTO "app_achat" VALUES(152,'2023-05-13 07:54:17',40.29,5,201.45,1,4,10);
INSERT INTO "app_achat" VALUES(153,'2023-07-16 19:55:59',1.6,1,1.6,1,3,1);
INSERT INTO "app_achat" VALUES(154,'2023-06-04 22:40:06',27.92,3,83.76,1,1,1);
INSERT INTO "app_achat" VALUES(155,'2023-12-16 07:53:43',86.5,10,865,1,0,8);
INSERT INTO "app_achat" VALUES(156,'2023-05-30 01:58:34',78.66,5,393.3,1,5,1);
INSERT INTO "app_achat" VALUES(157,'2023-12-19 08:03:33',67.13,7,469.91,1,3,13);
INSERT INTO "app_achat" VALUES(158,'2023-04-22 07:58:11',87.06,10,870.6,1,2,8);
INSERT INTO "app_achat" VALUES(159,'2023-04-15 13:47:58',86.31,2,172.62,1,2,10);
INSERT INTO "app_achat" VALUES(160,'2023-09-02 00:18:28',71.59,1,71.59,1,4,12);
INSERT INTO "app_achat" VALUES(161,'2023-07-30 13:04:02',19.1,10,191,1,1,7);
INSERT INTO "app_achat" VALUES(162,'2023-12-09 16:11:42',60.38,5,301.9,1,3,8);
INSERT INTO "app_achat" VALUES(163,'2023-11-09 11:13:26',68.89,3,206.67,1,1,5);
INSERT INTO "app_achat" VALUES(164,'2023-01-01 13:11:56',28.82,8,230.56,1,3,4);
INSERT INTO "app_achat" VALUES(165,'2023-04-20 18:53:22',92.22,1,92.22,1,2,8);
INSERT INTO "app_achat" VALUES(166,'2023-03-10 20:54:59',6.14,8,49.12,1,1,7);
INSERT INTO "app_achat" VALUES(167,'2023-03-18 07:53:08',79.07,9,711.63,2,2,6);
INSERT INTO "app_achat" VALUES(168,'2023-05-14 11:14:23',77.4,6,464.4,2,2,8);
INSERT INTO "app_achat" VALUES(169,'2023-08-17 04:18:07',33.3,2,66.6,2,2,3);
INSERT INTO "app_achat" VALUES(170,'2023-02-25 02:50:41',23.46,9,211.14,2,0,6);
INSERT INTO "app_achat" VALUES(171,'2023-05-10 06:51:19',67.75,4,271,2,1,9);
INSERT INTO "app_achat" VALUES(172,'2023-09-30 16:17:54',7.23,5,36.15,2,3,7);
INSERT INTO "app_achat" VALUES(173,'2023-02-10 15:47:05',58.17,10,581.7,2,0,5);
INSERT INTO "app_achat" VALUES(174,'2023-05-30 14:58:18',57.78,3,173.34,2,1,7);
INSERT INTO "app_achat" VALUES(175,'2023-02-09 23:22:07',68.72,1,68.72,2,4,10);
INSERT INTO "app_achat" VALUES(176,'2023-11-17 14:44:34',39.18,2,78.36,2,2,8);
INSERT INTO "app_achat" VALUES(177,'2023-12-13 20:36:26',80.69,5,403.45,2,2,9);
INSERT INTO "app_achat" VALUES(178,'2023-06-23 12:42:26',66.64,10,666.4,2,2,12);
INSERT INTO "app_achat" VALUES(179,'2023-04-02 02:33:39',47.69,2,95.38,2,5,10);
INSERT INTO "app_achat" VALUES(180,'2023-01-10 08:32:44',36.2,5,181,2,0,12);
INSERT INTO "app_achat" VALUES(181,'2023-05-19 19:34:35',60.54,4,242.16,2,3,1);
INSERT INTO "app_achat" VALUES(182,'2023-03-05 07:16:12',17.8,9,160.2,2,1,5);
INSERT INTO "app_achat" VALUES(183,'2023-05-27 01:28:35',88.39,2,176.78,2,3,8);
INSERT INTO "app_achat" VALUES(184,'2023-07-31 11:01:59',4.33,4,17.32,2,3,13);
INSERT INTO "app_achat" VALUES(185,'2023-10-20 16:33:01',41.79,3,125.37,2,4,12);
INSERT INTO "app_achat" VALUES(186,'2023-04-20 08:59:48',97.66,7,683.62,2,4,3);
INSERT INTO "app_achat" VALUES(187,'2023-01-12 03:34:14',52.58,9,473.22,2,1,5);
INSERT INTO "app_achat" VALUES(188,'2023-08-02 17:47:07',55.55,1,55.55,2,5,1);
INSERT INTO "app_achat" VALUES(189,'2023-11-20 16:25:08',99.1,9,891.9,2,0,4);
INSERT INTO "app_achat" VALUES(190,'2023-02-19 06:31:03',59.18,2,118.36,2,1,5);
INSERT INTO "app_achat" VALUES(191,'2023-02-21 06:30:53',10.57,7,73.99,2,5,1);
INSERT INTO "app_achat" VALUES(192,'2023-06-26 13:29:34',8.98,1,8.98,2,5,2);
INSERT INTO "app_achat" VALUES(193,'2023-02-16 17:33:57',73.87,10,738.7,2,2,11);
INSERT INTO "app_achat" VALUES(194,'2023-08-04 07:42:56',53.84,4,215.36,2,3,12);
INSERT INTO "app_achat" VALUES(195,'2023-04-11 04:03:29',83.66,8,669.28,2,0,11);
INSERT INTO "app_achat" VALUES(196,'2023-07-01 03:36:54',35.34,4,141.36,2,4,13);
INSERT INTO "app_achat" VALUES(197,'2023-01-15 07:07:33',68.51,7,479.57,2,1,5);
INSERT INTO "app_achat" VALUES(198,'2023-03-25 07:46:48',98.38,4,393.52,2,2,3);
INSERT INTO "app_achat" VALUES(199,'2023-06-05 23:16:37',15.5,7,108.5,2,1,12);
INSERT INTO "app_achat" VALUES(200,'2023-11-19 02:14:04',48.45,2,96.9,2,0,4);
INSERT INTO "app_achat" VALUES(201,'2023-08-19 05:54:13',7.91,9,71.19,2,0,12);
INSERT INTO "app_achat" VALUES(202,'2023-06-27 23:13:56',77.04,8,616.32,2,1,1);
INSERT INTO "app_achat" VALUES(203,'2023-06-21 02:21:33',22.6,5,113,2,0,3);
INSERT INTO "app_achat" VALUES(204,'2023-07-27 15:00:35',25.16,10,251.6,2,2,8);
INSERT INTO "app_achat" VALUES(205,'2023-07-12 08:12:22',44.51,9,400.59,2,5,10);
INSERT INTO "app_achat" VALUES(206,'2023-08-03 16:53:17',38.9,8,311.2,2,0,10);
INSERT INTO "app_achat" VALUES(207,'2023-08-02 01:23:09',32.91,6,197.46,3,5,7);
INSERT INTO "app_achat" VALUES(208,'2023-02-25 01:56:26',73.35,5,366.75,3,0,1);
INSERT INTO "app_achat" VALUES(209,'2023-04-16 22:14:40',39.61,6,237.66,3,2,3);
INSERT INTO "app_achat" VALUES(210,'2023-09-02 20:59:21',61.71,9,555.39,3,1,1);
INSERT INTO "app_achat" VALUES(211,'2023-07-25 10:07:49',33.68,4,134.72,3,2,12);
INSERT INTO "app_achat" VALUES(212,'2023-05-10 02:35:26',4.48,4,17.92,3,0,2);
INSERT INTO "app_achat" VALUES(213,'2023-12-03 03:56:44',66.96,10,669.6,3,4,2);
INSERT INTO "app_achat" VALUES(214,'2023-11-11 21:42:17',85.16,4,340.64,3,3,4);
INSERT INTO "app_achat" VALUES(215,'2023-10-08 15:57:30',17.83,2,35.66,3,0,11);
INSERT INTO "app_achat" VALUES(216,'2023-08-18 02:47:48',19.89,3,59.67,3,2,8);
INSERT INTO "app_achat" VALUES(217,'2023-10-03 05:41:12',90.99,4,363.96,3,5,12);
INSERT INTO "app_achat" VALUES(218,'2023-02-20 00:29:17',67.94,3,203.82,3,2,8);
INSERT INTO "app_achat" VALUES(219,'2023-12-21 14:38:18',33.84,10,338.4,3,4,13);
INSERT INTO "app_achat" VALUES(220,'2023-08-21 18:19:13',12.81,5,64.05,3,2,13);
INSERT INTO "app_achat" VALUES(221,'2023-10-25 12:41:47',72.74,6,436.44,3,0,4);
INSERT INTO "app_achat" VALUES(222,'2023-10-03 04:07:42',14.34,5,71.7,3,3,6);
INSERT INTO "app_achat" VALUES(223,'2023-03-06 09:20:40',22.78,7,159.46,3,1,3);
INSERT INTO "app_achat" VALUES(224,'2023-08-22 07:15:21',13.94,4,55.76,3,4,8);
INSERT INTO "app_achat" VALUES(225,'2023-07-29 00:19:57',51.18,3,153.54,3,2,12);
INSERT INTO "app_achat" VALUES(226,'2023-08-23 19:25:39',42.13,2,84.26,3,2,13);
INSERT INTO "app_achat" VALUES(227,'2023-01-27 17:54:00',57.3,4,229.2,3,5,7);
INSERT INTO "app_achat" VALUES(228,'2023-08-10 10:21:31',66.86,7,468.02,3,0,4);
INSERT INTO "app_achat" VALUES(229,'2023-12-08 01:57:01',85.64,6,513.84,3,3,10);
INSERT INTO "app_achat" VALUES(230,'2023-05-31 05:52:10',23.55,10,235.5,3,1,7);
INSERT INTO "app_achat" VALUES(231,'2023-06-22 13:38:31',61.28,6,367.68,3,3,11);
INSERT INTO "app_achat" VALUES(232,'2023-09-13 23:08:22',8.41,2,16.82,3,1,4);
INSERT INTO "app_achat" VALUES(233,'2023-05-25 02:36:32',22.44,10,224.4,3,0,1);
INSERT INTO "app_achat" VALUES(234,'2023-04-12 09:30:36',88.82,3,266.46,3,3,8);
INSERT INTO "app_achat" VALUES(235,'2023-09-27 17:00:37',62.61,10,626.1,3,0,10);
INSERT INTO "app_achat" VALUES(236,'2023-05-14 12:42:34',76.07,3,228.21,3,4,7);
INSERT INTO "app_achat" VALUES(237,'2023-04-09 17:31:42',11.43,9,102.87,3,0,1);
INSERT INTO "app_achat" VALUES(238,'2023-03-10 02:12:00',79.13,1,79.13,3,5,6);
INSERT INTO "app_achat" VALUES(239,'2023-06-19 14:57:27',49.59,10,495.9,3,3,9);
INSERT INTO "app_achat" VALUES(240,'2023-07-20 05:09:50',31.65,1,31.65,3,3,11);
INSERT INTO "app_achat" VALUES(241,'2023-08-03 00:55:06',93.73,10,937.3,3,3,12);
INSERT INTO "app_achat" VALUES(242,'2023-11-19 04:20:48',1.93,5,9.65,3,3,9);
INSERT INTO "app_achat" VALUES(243,'2023-01-25 21:10:19',53.87,1,53.87,3,5,2);
INSERT INTO "app_achat" VALUES(244,'2023-05-03 16:12:34',38.58,3,115.74,3,1,5);
INSERT INTO "app_achat" VALUES(245,'2023-06-12 11:07:42',96.5,7,675.5,3,5,11);
INSERT INTO "app_achat" VALUES(246,'2023-11-16 14:37:19',41.9,9,377.1,3,5,13);
INSERT INTO "app_achat" VALUES(247,'2023-02-18 10:26:59',5.94,6,35.64,4,3,12);
INSERT INTO "app_achat" VALUES(248,'2023-06-16 01:38:37',57.15,7,400.05,4,1,6);
INSERT INTO "app_achat" VALUES(249,'2023-02-20 01:52:34',15.84,2,31.68,4,5,9);
INSERT INTO "app_achat" VALUES(250,'2023-10-02 12:00:19',73,6,438,4,2,10);
INSERT INTO "app_achat" VALUES(251,'2023-12-12 00:59:57',99.51,2,199.02,4,1,8);
INSERT INTO "app_achat" VALUES(252,'2023-03-15 10:48:33',34.12,8,272.96,4,4,13);
INSERT INTO "app_achat" VALUES(253,'2023-12-01 16:38:00',93.71,1,93.71,4,0,7);
INSERT INTO "app_achat" VALUES(254,'2023-06-05 14:59:55',62.13,8,497.04,4,1,12);
INSERT INTO "app_achat" VALUES(255,'2023-07-08 14:09:13',25.18,9,226.62,4,4,1);
INSERT INTO "app_achat" VALUES(256,'2023-04-11 00:55:11',59.31,9,533.79,4,4,3);
INSERT INTO "app_achat" VALUES(257,'2023-10-22 11:03:49',8.24,7,57.68,4,4,9);
INSERT INTO "app_achat" VALUES(258,'2023-03-15 02:52:05',46.93,6,281.58,4,5,9);
INSERT INTO "app_achat" VALUES(259,'2023-12-07 01:23:46',30.83,2,61.66,4,2,13);
INSERT INTO "app_achat" VALUES(260,'2023-08-02 05:14:00',78.01,7,546.07,4,1,2);
INSERT INTO "app_achat" VALUES(261,'2023-03-07 02:48:01',22.29,7,156.03,4,5,1);
INSERT INTO "app_achat" VALUES(262,'2023-12-05 13:19:56',85.61,3,256.83,4,1,2);
INSERT INTO "app_achat" VALUES(263,'2023-07-18 10:47:55',44.06,6,264.36,4,1,7);
INSERT INTO "app_achat" VALUES(264,'2023-09-25 12:13:29',98.47,2,196.94,4,5,9);
INSERT INTO "app_achat" VALUES(265,'2023-06-12 16:53:52',69.51,3,208.53,4,0,12);
INSERT INTO "app_achat" VALUES(266,'2023-08-08 06:33:23',87.83,9,790.47,4,4,8);
INSERT INTO "app_achat" VALUES(267,'2023-08-29 21:42:52',3.44,3,10.32,4,0,12);
INSERT INTO "app_achat" VALUES(268,'2023-12-05 15:02:03',73.17,7,512.19,4,4,1);
INSERT INTO "app_achat" VALUES(269,'2023-11-10 20:20:44',27.06,7,189.42,4,3,5);
INSERT INTO "app_achat" VALUES(270,'2023-09-19 00:57:26',44.85,1,44.85,4,5,10);
INSERT INTO "app_achat" VALUES(271,'2023-09-21 12:14:16',96.97,10,969.7,4,4,3);
INSERT INTO "app_achat" VALUES(272,'2023-01-19 09:04:02',68.15,8,545.2,4,4,12);
INSERT INTO "app_achat" VALUES(273,'2023-05-25 22:11:32',19.38,6,116.28,4,4,12);
INSERT INTO "app_achat" VALUES(274,'2023-06-14 00:09:39',53.69,10,536.9,4,0,7);
INSERT INTO "app_achat" VALUES(275,'2023-09-23 11:49:26',9.29,2,18.58,4,1,6);
INSERT INTO "app_achat" VALUES(276,'2023-10-26 00:31:25',68.29,8,546.32,4,1,7);
INSERT INTO "app_achat" VALUES(277,'2023-01-17 01:29:18',84.78,8,678.24,4,2,3);
INSERT INTO "app_achat" VALUES(278,'2023-04-06 14:47:51',88.4,2,176.8,4,1,7);
INSERT INTO "app_achat" VALUES(279,'2023-06-02 18:53:38',70.22,10,702.2,4,0,5);
INSERT INTO "app_achat" VALUES(280,'2023-02-17 13:40:46',16.41,7,114.87,4,2,4);
INSERT INTO "app_achat" VALUES(281,'2023-08-26 13:57:24',90.57,2,181.14,4,0,11);
INSERT INTO "app_achat" VALUES(282,'2023-01-10 22:01:40',62.13,10,621.3,4,1,8);
INSERT INTO "app_achat" VALUES(283,'2023-07-05 00:04:58',6.14,6,36.84,4,4,2);
INSERT INTO "app_achat" VALUES(284,'2023-11-27 01:38:39',54.96,4,219.84,4,2,7);
INSERT INTO "app_achat" VALUES(285,'2023-10-05 09:28:17',70.72,6,424.32,4,0,3);
INSERT INTO "app_achat" VALUES(286,'2023-01-11 21:17:48',60.36,1,60.36,4,1,6);
INSERT INTO "app_achat" VALUES(287,'2023-03-17 02:23:16',70.46,5,352.3,5,0,6);
INSERT INTO "app_achat" VALUES(288,'2023-12-02 06:04:36',33.17,7,232.19,5,0,10);
INSERT INTO "app_achat" VALUES(289,'2023-08-24 06:03:58',67.74,7,474.18,5,3,1);
INSERT INTO "app_achat" VALUES(290,'2023-11-15 21:20:16',72.39,3,217.17,5,0,2);
INSERT INTO "app_achat" VALUES(291,'2023-02-12 07:40:00',34.32,1,34.32,5,4,4);
INSERT INTO "app_achat" VALUES(292,'2023-07-24 22:13:00',80.91,9,728.19,5,0,4);
INSERT INTO "app_achat" VALUES(293,'2023-02-09 14:46:45',23.9,3,71.7,5,1,11);
INSERT INTO "app_achat" VALUES(294,'2023-11-12 01:05:45',10.53,6,63.18,5,3,7);
INSERT INTO "app_achat" VALUES(295,'2023-10-11 15:30:48',45.29,9,407.61,5,3,2);
INSERT INTO "app_achat" VALUES(296,'2023-04-12 17:53:02',70.89,4,283.56,5,1,13);
INSERT INTO "app_achat" VALUES(297,'2023-06-16 13:00:24',40.08,2,80.16,5,2,8);
INSERT INTO "app_achat" VALUES(298,'2023-07-02 15:45:05',3.14,5,15.7,5,2,10);
INSERT INTO "app_achat" VALUES(299,'2023-03-13 13:39:53',27.76,4,111.04,5,1,1);
INSERT INTO "app_achat" VALUES(300,'2023-06-13 04:04:43',13.02,4,52.08,5,0,4);
INSERT INTO "app_achat" VALUES(301,'2023-10-27 10:04:36',56.74,9,510.66,5,4,13);
INSERT INTO "app_achat" VALUES(302,'2023-09-06 12:37:29',1.67,1,1.67,5,4,6);
INSERT INTO "app_achat" VALUES(303,'2023-10-26 21:16:17',60.13,3,180.39,5,0,8);
INSERT INTO "app_achat" VALUES(304,'2023-07-01 03:56:38',75.47,5,377.35,5,1,12);
INSERT INTO "app_achat" VALUES(305,'2023-07-07 23:34:10',88.22,6,529.32,5,4,7);
INSERT INTO "app_achat" VALUES(306,'2023-07-11 20:16:00',37.99,5,189.95,5,1,1);
INSERT INTO "app_achat" VALUES(307,'2023-11-30 05:36:25',16.93,3,50.79,5,4,8);
INSERT INTO "app_achat" VALUES(308,'2023-08-22 18:01:28',9.14,3,27.42,5,2,2);
INSERT INTO "app_achat" VALUES(309,'2023-11-22 04:34:44',78.79,5,393.95,5,4,9);
INSERT INTO "app_achat" VALUES(310,'2023-10-25 19:33:03',54.43,3,163.29,5,1,5);
INSERT INTO "app_achat" VALUES(311,'2023-12-16 06:58:36',5.42,3,16.26,5,3,4);
INSERT INTO "app_achat" VALUES(312,'2023-05-11 13:49:13',59.4,7,415.8,5,0,10);
INSERT INTO "app_achat" VALUES(313,'2023-11-11 15:03:25',81.27,10,812.7,5,0,4);
INSERT INTO "app_achat" VALUES(314,'2023-11-07 23:49:12',63.1,8,504.8,5,0,6);
INSERT INTO "app_achat" VALUES(315,'2023-02-03 01:23:13',5.08,4,20.32,5,4,13);
INSERT INTO "app_achat" VALUES(316,'2023-06-05 17:47:35',78.51,9,706.59,5,0,12);
INSERT INTO "app_achat" VALUES(317,'2023-11-12 01:19:08',57.3,9,515.7,5,1,4);
INSERT INTO "app_achat" VALUES(318,'2023-05-27 02:57:05',59.21,5,296.05,5,2,13);
INSERT INTO "app_achat" VALUES(319,'2023-05-31 10:43:44',47.32,5,236.6,5,0,12);
INSERT INTO "app_achat" VALUES(320,'2023-04-26 03:03:40',76.49,7,535.43,5,5,5);
INSERT INTO "app_achat" VALUES(321,'2023-01-29 08:10:36',10.08,1,10.08,5,4,12);
INSERT INTO "app_achat" VALUES(322,'2023-09-02 09:51:43',60.35,10,603.5,5,4,2);
INSERT INTO "app_achat" VALUES(323,'2023-08-17 04:11:50',59.2,6,355.2,5,5,10);
INSERT INTO "app_achat" VALUES(324,'2023-09-01 17:02:20',75.75,4,303,5,1,10);
INSERT INTO "app_achat" VALUES(325,'2023-09-20 04:19:58',93.06,2,186.12,5,4,7);
INSERT INTO "app_achat" VALUES(326,'2023-12-01 17:07:22',37.14,10,371.4,5,3,13);
INSERT INTO "app_achat" VALUES(327,'2023-06-04 04:41:45',65.58,5,327.9,6,3,8);
INSERT INTO "app_achat" VALUES(328,'2023-06-17 09:12:47',62.54,4,250.16,6,5,4);
INSERT INTO "app_achat" VALUES(329,'2023-07-28 18:46:21',57.36,8,458.88,6,4,4);
INSERT INTO "app_achat" VALUES(330,'2023-05-20 08:13:16',94.03,8,752.24,6,4,13);
INSERT INTO "app_achat" VALUES(331,'2023-10-17 13:06:29',67.65,2,135.3,6,3,11);
INSERT INTO "app_achat" VALUES(332,'2023-10-16 05:44:47',31.37,3,94.11,6,5,12);
INSERT INTO "app_achat" VALUES(333,'2023-06-20 19:51:37',74.61,5,373.05,6,1,2);
INSERT INTO "app_achat" VALUES(334,'2023-08-29 08:52:32',24.96,5,124.8,6,1,8);
INSERT INTO "app_achat" VALUES(335,'2023-07-03 00:11:15',56.98,3,170.94,6,4,13);
INSERT INTO "app_achat" VALUES(336,'2023-08-16 16:12:29',13.68,2,27.36,6,3,3);
INSERT INTO "app_achat" VALUES(337,'2023-05-14 08:31:19',1.37,10,13.7,6,2,11);
INSERT INTO "app_achat" VALUES(338,'2023-09-07 10:52:57',48.19,1,48.19,6,2,13);
INSERT INTO "app_achat" VALUES(339,'2023-11-21 12:54:11',71.95,8,575.6,6,3,6);
INSERT INTO "app_achat" VALUES(340,'2023-12-17 17:46:32',4.76,8,38.08,6,4,10);
INSERT INTO "app_achat" VALUES(341,'2023-08-25 05:31:48',58.25,5,291.25,6,2,13);
INSERT INTO "app_achat" VALUES(342,'2023-11-02 04:48:09',51.32,2,102.64,6,0,1);
INSERT INTO "app_achat" VALUES(343,'2023-08-16 14:51:36',34.51,9,310.59,6,1,1);
INSERT INTO "app_achat" VALUES(344,'2023-04-09 15:37:59',54.39,6,326.34,6,0,13);
INSERT INTO "app_achat" VALUES(345,'2023-06-17 11:33:00',57.51,6,345.06,6,4,11);
INSERT INTO "app_achat" VALUES(346,'2023-10-04 20:01:56',17.08,8,136.64,6,1,4);
INSERT INTO "app_achat" VALUES(347,'2023-12-13 12:49:32',40.31,1,40.31,6,0,6);
INSERT INTO "app_achat" VALUES(348,'2023-09-03 04:29:34',25.29,6,151.74,6,5,11);
INSERT INTO "app_achat" VALUES(349,'2023-03-31 10:31:25',55.01,9,495.09,6,4,11);
INSERT INTO "app_achat" VALUES(350,'2023-06-14 23:55:49',13.48,5,67.4,6,2,7);
INSERT INTO "app_achat" VALUES(351,'2023-10-12 23:22:48',47.09,1,47.09,6,4,10);
INSERT INTO "app_achat" VALUES(352,'2023-10-29 00:32:31',98.85,5,494.25,6,3,10);
INSERT INTO "app_achat" VALUES(353,'2023-08-09 12:00:16',4.84,4,19.36,6,0,11);
INSERT INTO "app_achat" VALUES(354,'2023-03-31 01:45:00',34.98,1,34.98,6,2,8);
INSERT INTO "app_achat" VALUES(355,'2023-02-20 01:12:20',47.89,9,431.01,6,5,13);
INSERT INTO "app_achat" VALUES(356,'2023-07-13 16:05:41',68.47,7,479.29,6,2,13);
INSERT INTO "app_achat" VALUES(357,'2023-01-27 12:34:25',95.38,8,763.04,6,5,7);
INSERT INTO "app_achat" VALUES(358,'2023-12-01 07:27:52',23.14,3,69.42,6,5,1);
INSERT INTO "app_achat" VALUES(359,'2023-07-24 12:17:34',51.97,2,103.94,6,4,8);
INSERT INTO "app_achat" VALUES(360,'2023-01-12 01:28:41',13.73,7,96.11,6,5,1);
INSERT INTO "app_achat" VALUES(361,'2023-07-13 01:35:02',46.83,5,234.15,6,0,2);
INSERT INTO "app_achat" VALUES(362,'2023-09-07 11:52:31',42.2,7,295.4,6,4,2);
INSERT INTO "app_achat" VALUES(363,'2023-05-17 14:24:56',97.16,6,582.96,6,2,1);
INSERT INTO "app_achat" VALUES(364,'2023-02-26 03:22:18',30.38,8,243.04,6,5,5);
INSERT INTO "app_achat" VALUES(365,'2023-10-25 02:20:35',77.93,5,389.65,6,5,11);
INSERT INTO "app_achat" VALUES(366,'2023-02-06 08:59:06',41.65,9,374.85,6,0,2);
INSERT INTO "app_achat" VALUES(367,'2023-06-19 02:57:33',50.62,8,404.96,7,2,7);
INSERT INTO "app_achat" VALUES(368,'2023-01-20 23:46:39',74.22,8,593.76,7,0,3);
INSERT INTO "app_achat" VALUES(369,'2023-11-10 19:28:13',78.71,3,236.13,7,2,11);
INSERT INTO "app_achat" VALUES(370,'2023-05-03 12:27:23',34.1,8,272.8,7,0,6);
INSERT INTO "app_achat" VALUES(371,'2023-11-12 11:20:56',71.35,5,356.75,7,5,3);
INSERT INTO "app_achat" VALUES(372,'2023-02-04 20:21:10',13.49,4,53.96,7,1,5);
INSERT INTO "app_achat" VALUES(373,'2023-10-06 09:46:46',51.48,4,205.92,7,3,12);
INSERT INTO "app_achat" VALUES(374,'2023-02-27 04:46:00',23.78,2,47.56,7,5,1);
INSERT INTO "app_achat" VALUES(375,'2023-03-26 04:17:55',73.43,6,440.58,7,1,9);
INSERT INTO "app_achat" VALUES(376,'2023-12-22 00:14:45',35,3,105,7,0,7);
INSERT INTO "app_achat" VALUES(377,'2023-08-16 17:22:41',31.83,7,222.81,7,3,2);
INSERT INTO "app_achat" VALUES(378,'2023-04-22 07:45:16',27.8,6,166.8,7,3,8);
INSERT INTO "app_achat" VALUES(379,'2023-12-13 09:51:35',53.68,2,107.36,7,0,12);
INSERT INTO "app_achat" VALUES(380,'2023-07-21 12:52:37',62.94,10,629.4,7,4,9);
INSERT INTO "app_achat" VALUES(381,'2023-07-30 01:31:05',28.36,6,170.16,7,3,3);
INSERT INTO "app_achat" VALUES(382,'2023-09-10 09:33:33',96.95,4,387.8,7,4,12);
INSERT INTO "app_achat" VALUES(383,'2023-09-10 09:02:58',88.28,5,441.4,7,4,9);
INSERT INTO "app_achat" VALUES(384,'2023-02-15 01:58:40',23.23,6,139.38,7,2,7);
INSERT INTO "app_achat" VALUES(385,'2023-04-27 20:57:29',84.56,9,761.04,7,0,3);
INSERT INTO "app_achat" VALUES(386,'2023-12-04 23:10:12',88.74,10,887.4,7,4,9);
INSERT INTO "app_achat" VALUES(387,'2023-05-13 17:56:23',11.75,1,11.75,7,4,5);
INSERT INTO "app_achat" VALUES(388,'2023-01-10 09:27:00',42.97,10,429.7,7,2,4);
INSERT INTO "app_achat" VALUES(389,'2023-06-17 00:51:31',63.31,3,189.93,7,4,3);
INSERT INTO "app_achat" VALUES(390,'2023-08-05 02:13:19',86.81,3,260.43,7,5,10);
INSERT INTO "app_achat" VALUES(391,'2023-01-16 17:04:51',81.15,6,486.9,7,0,6);
INSERT INTO "app_achat" VALUES(392,'2023-05-28 18:52:20',62.98,4,251.92,7,2,4);
INSERT INTO "app_achat" VALUES(393,'2023-07-14 00:47:16',67.51,7,472.57,7,1,10);
INSERT INTO "app_achat" VALUES(394,'2023-09-07 12:47:46',43.56,6,261.36,7,3,4);
INSERT INTO "app_achat" VALUES(395,'2023-06-06 21:58:02',84.59,5,422.95,7,0,10);
INSERT INTO "app_achat" VALUES(396,'2023-10-11 21:00:15',56.58,5,282.9,7,0,1);
INSERT INTO "app_achat" VALUES(397,'2023-11-29 16:50:57',30.04,10,300.4,7,5,1);
INSERT INTO "app_achat" VALUES(398,'2023-05-31 18:37:33',90.79,9,817.11,7,2,11);
INSERT INTO "app_achat" VALUES(399,'2023-03-31 08:01:03',66.51,2,133.02,7,4,1);
INSERT INTO "app_achat" VALUES(400,'2023-03-09 10:26:51',69.97,8,559.76,7,1,5);
INSERT INTO "app_achat" VALUES(401,'2023-05-16 21:13:23',37.72,6,226.32,7,0,5);
INSERT INTO "app_achat" VALUES(402,'2023-07-25 10:15:20',40.54,4,162.16,7,3,8);
INSERT INTO "app_achat" VALUES(403,'2023-05-05 12:07:02',81.32,10,813.2,7,4,12);
INSERT INTO "app_achat" VALUES(404,'2023-10-25 23:07:19',68.4,2,136.8,7,2,1);
INSERT INTO "app_achat" VALUES(405,'2023-08-11 02:15:38',27.19,5,135.95,7,2,8);
INSERT INTO "app_achat" VALUES(406,'2023-11-29 23:36:02',55.78,2,111.56,7,0,3);
CREATE UNIQUE INDEX "app_absent_employe_id_date_abcence_5a9119a1_uniq" ON "app_absent" ("employe_id", "date_abcence");
CREATE INDEX IF NOT EXISTS "app_absent_employe_id_99ff3a28" ON "app_absent" ("employe_id");
CREATE UNIQUE INDEX "app_achat_fournisseur_id_matiere_achete_id_buyed_at_3b0e72b5_uniq" ON "app_achat" ("fournisseur_id", "matiere_achete_id", "buyed_at");
CREATE INDEX IF NOT EXISTS "app_achat_fournisseur_id_df1b44e7" ON "app_achat" ("fournisseur_id");
CREATE INDEX IF NOT EXISTS "app_achat_matiere_achete_id_7b00d22e" ON "app_achat" ("matiere_achete_id");
CREATE INDEX IF NOT EXISTS "app_employe_EmployeCentre_id_2b2d46a0" ON "app_employe" ("EmployeCentre_id");
CREATE UNIQUE INDEX "app_ingridiant_produit_id_matiere_id_0f3663d3_uniq" ON "app_ingridiant" ("produit_id", "matiere_id");
CREATE INDEX IF NOT EXISTS "app_ingridiant_matiere_id_5f5a9080" ON "app_ingridiant" ("matiere_id");
CREATE INDEX IF NOT EXISTS "app_ingridiant_produit_id_45775460" ON "app_ingridiant" ("produit_id");
CREATE UNIQUE INDEX "app_massrouf_employe_id_demende_at_1412f299_uniq" ON "app_massrouf" ("employe_id", "demende_at");
CREATE INDEX IF NOT EXISTS "app_massrouf_employe_id_4d109e96" ON "app_massrouf" ("employe_id");
CREATE UNIQUE INDEX "app_paymentachat_fournisseur_id_pay_at_23686ffc_uniq" ON "app_paymentachat" ("fournisseur_id", "pay_at");
CREATE INDEX IF NOT EXISTS "app_paymentachat_fournisseur_id_79adb214" ON "app_paymentachat" ("fournisseur_id");
CREATE UNIQUE INDEX "app_paymentvente_client_id_pay_at_a628ceef_uniq" ON "app_paymentvente" ("client_id", "pay_at");
CREATE INDEX IF NOT EXISTS "app_paymentvente_client_id_c52815a0" ON "app_paymentvente" ("client_id");
CREATE UNIQUE INDEX "app_transfert_centre_id_produit_transfere_id_transfer_at_67b8afe0_uniq" ON "app_transfert" ("centre_id", "produit_transfere_id", "transfer_at");
CREATE INDEX IF NOT EXISTS "app_transfert_centre_id_f6c76dd0" ON "app_transfert" ("centre_id");
CREATE INDEX IF NOT EXISTS "app_transfert_produit_transfere_id_9bf43697" ON "app_transfert" ("produit_transfere_id");
CREATE UNIQUE INDEX "app_ventem_client_id_matiere_vendus_id_salled_at_638423cd_uniq" ON "app_ventem" ("client_id", "matiere_vendus_id", "salled_at");
CREATE INDEX IF NOT EXISTS "app_ventem_client_id_aec2496a" ON "app_ventem" ("client_id");
CREATE INDEX IF NOT EXISTS "app_ventem_matiere_vendus_id_50ab3035" ON "app_ventem" ("matiere_vendus_id");
CREATE INDEX IF NOT EXISTS "app_ventep_client_id_88d20d9a" ON "app_ventep" ("client_id");
CREATE INDEX IF NOT EXISTS "app_ventep_produit_vendus_id_13d61abc" ON "app_ventep" ("produit_vendus_id");
CREATE INDEX IF NOT EXISTS "app_ventep_lieu_ventes_id_df768cfb" ON "app_ventep" ("lieu_ventes_id");
CREATE UNIQUE INDEX "app_ventep_client_id_produit_vendus_id_salled_at_lieu_ventes_id_b4561e77_uniq" ON "app_ventep" ("client_id", "produit_vendus_id", "salled_at", "lieu_ventes_id");
CREATE UNIQUE INDEX "auth_group_permissions_group_id_permission_id_0cd325b0_uniq" ON "auth_group_permissions" ("group_id", "permission_id");
CREATE INDEX IF NOT EXISTS "auth_group_permissions_group_id_b120cbf9" ON "auth_group_permissions" ("group_id");
CREATE INDEX IF NOT EXISTS "auth_group_permissions_permission_id_84c5c92e" ON "auth_group_permissions" ("permission_id");
CREATE UNIQUE INDEX "auth_permission_content_type_id_codename_01ab375a_uniq" ON "auth_permission" ("content_type_id", "codename");
CREATE INDEX IF NOT EXISTS "auth_permission_content_type_id_2f476e4b" ON "auth_permission" ("content_type_id");
CREATE UNIQUE INDEX "auth_user_groups_user_id_group_id_94350c0c_uniq" ON "auth_user_groups" ("user_id", "group_id");
CREATE INDEX IF NOT EXISTS "auth_user_groups_user_id_6a12ed8b" ON "auth_user_groups" ("user_id");
CREATE INDEX IF NOT EXISTS "auth_user_groups_group_id_97559544" ON "auth_user_groups" ("group_id");
CREATE UNIQUE INDEX "auth_user_user_permissions_user_id_permission_id_14a6b632_uniq" ON "auth_user_user_permissions" ("user_id", "permission_id");
CREATE INDEX IF NOT EXISTS "auth_user_user_permissions_user_id_a95ead1b" ON "auth_user_user_permissions" ("user_id");
CREATE INDEX IF NOT EXISTS "auth_user_user_permissions_permission_id_1fbb5f2c" ON "auth_user_user_permissions" ("permission_id");
CREATE INDEX IF NOT EXISTS "django_admin_log_content_type_id_c4bce8eb" ON "django_admin_log" ("content_type_id");
CREATE INDEX IF NOT EXISTS "django_admin_log_user_id_c564eba6" ON "django_admin_log" ("user_id");
CREATE UNIQUE INDEX "django_content_type_app_label_model_76bd3d3b_uniq" ON "django_content_type" ("app_label", "model");
CREATE INDEX IF NOT EXISTS "django_session_expire_date_a5c62663" ON "django_session" ("expire_date");
CREATE INDEX IF NOT EXISTS "django_apscheduler_djangojob_next_run_time_2f022619" ON "django_apscheduler_djangojob" ("next_run_time");
CREATE INDEX IF NOT EXISTS "django_apscheduler_djangojobexecution_run_time_16edd96b" ON "django_apscheduler_djangojobexecution" ("run_time");
CREATE INDEX IF NOT EXISTS "django_apscheduler_djangojobexecution_job_id_daf5090a" ON "django_apscheduler_djangojobexecution" ("job_id");
CREATE TABLE IF NOT EXISTS "app_centre" ("id" integer NOT NULL PRIMARY KEY AUTOINCREMENT, "codeC" varchar(10) NOT NULL UNIQUE, "designation_centre" varchar(50) NOT NULL, "active" bool NOT NULL);
INSERT INTO "app_centre" VALUES(1,'c1','Centre1',1);
INSERT INTO "app_centre" VALUES(2,'c2','Centre2',1);
INSERT INTO "app_centre" VALUES(3,'c3','Centre3',1);
CREATE UNIQUE INDEX "app_absent_employe_id_date_abcence_5a9119a1_uniq" ON "app_absent" ("employe_id", "date_abcence");
CREATE INDEX IF NOT EXISTS "app_absent_employe_id_99ff3a28" ON "app_absent" ("employe_id");
CREATE UNIQUE INDEX "app_achat_fournisseur_id_matiere_achete_id_buyed_at_3b0e72b5_uniq" ON "app_achat" ("fournisseur_id", "matiere_achete_id", "buyed_at");
CREATE INDEX IF NOT EXISTS "app_achat_fournisseur_id_df1b44e7" ON "app_achat" ("fournisseur_id");
CREATE INDEX IF NOT EXISTS "app_achat_matiere_achete_id_7b00d22e" ON "app_achat" ("matiere_achete_id");
CREATE INDEX IF NOT EXISTS "app_employe_EmployeCentre_id_2b2d46a0" ON "app_employe" ("EmployeCentre_id");
CREATE UNIQUE INDEX "app_ingridiant_produit_id_matiere_id_0f3663d3_uniq" ON "app_ingridiant" ("produit_id", "matiere_id");
CREATE INDEX IF NOT EXISTS "app_ingridiant_matiere_id_5f5a9080" ON "app_ingridiant" ("matiere_id");
CREATE INDEX IF NOT EXISTS "app_ingridiant_produit_id_45775460" ON "app_ingridiant" ("produit_id");
CREATE UNIQUE INDEX "app_massrouf_employe_id_demende_at_1412f299_uniq" ON "app_massrouf" ("employe_id", "demende_at");
CREATE INDEX IF NOT EXISTS "app_massrouf_employe_id_4d109e96" ON "app_massrouf" ("employe_id");
CREATE UNIQUE INDEX "app_paymentachat_fournisseur_id_pay_at_23686ffc_uniq" ON "app_paymentachat" ("fournisseur_id", "pay_at");
CREATE INDEX IF NOT EXISTS "app_paymentachat_fournisseur_id_79adb214" ON "app_paymentachat" ("fournisseur_id");
CREATE UNIQUE INDEX "app_paymentvente_client_id_pay_at_a628ceef_uniq" ON "app_paymentvente" ("client_id", "pay_at");
CREATE INDEX IF NOT EXISTS "app_paymentvente_client_id_c52815a0" ON "app_paymentvente" ("client_id");
CREATE UNIQUE INDEX "app_transfert_centre_id_produit_transfere_id_transfer_at_67b8afe0_uniq" ON "app_transfert" ("centre_id", "produit_transfere_id", "transfer_at");
CREATE INDEX IF NOT EXISTS "app_transfert_centre_id_f6c76dd0" ON "app_transfert" ("centre_id");
CREATE INDEX IF NOT EXISTS "app_transfert_produit_transfere_id_9bf43697" ON "app_transfert" ("produit_transfere_id");
CREATE UNIQUE INDEX "app_ventem_client_id_matiere_vendus_id_salled_at_638423cd_uniq" ON "app_ventem" ("client_id", "matiere_vendus_id", "salled_at");
CREATE INDEX IF NOT EXISTS "app_ventem_client_id_aec2496a" ON "app_ventem" ("client_id");
CREATE INDEX IF NOT EXISTS "app_ventem_matiere_vendus_id_50ab3035" ON "app_ventem" ("matiere_vendus_id");
CREATE INDEX IF NOT EXISTS "app_ventep_client_id_88d20d9a" ON "app_ventep" ("client_id");
CREATE INDEX IF NOT EXISTS "app_ventep_produit_vendus_id_13d61abc" ON "app_ventep" ("produit_vendus_id");
CREATE INDEX IF NOT EXISTS "app_ventep_lieu_ventes_id_df768cfb" ON "app_ventep" ("lieu_ventes_id");
CREATE UNIQUE INDEX "app_ventep_client_id_produit_vendus_id_salled_at_lieu_ventes_id_b4561e77_uniq" ON "app_ventep" ("client_id", "produit_vendus_id", "salled_at", "lieu_ventes_id");
CREATE UNIQUE INDEX "auth_group_permissions_group_id_permission_id_0cd325b0_uniq" ON "auth_group_permissions" ("group_id", "permission_id");
CREATE INDEX IF NOT EXISTS "auth_group_permissions_group_id_b120cbf9" ON "auth_group_permissions" ("group_id");
CREATE INDEX IF NOT EXISTS "auth_group_permissions_permission_id_84c5c92e" ON "auth_group_permissions" ("permission_id");
CREATE UNIQUE INDEX "auth_permission_content_type_id_codename_01ab375a_uniq" ON "auth_permission" ("content_type_id", "codename");
CREATE INDEX IF NOT EXISTS "auth_permission_content_type_id_2f476e4b" ON "auth_permission" ("content_type_id");
CREATE UNIQUE INDEX "auth_user_groups_user_id_group_id_94350c0c_uniq" ON "auth_user_groups" ("user_id", "group_id");
CREATE INDEX IF NOT EXISTS "auth_user_groups_user_id_6a12ed8b" ON "auth_user_groups" ("user_id");
CREATE INDEX IF NOT EXISTS "auth_user_groups_group_id_97559544" ON "auth_user_groups" ("group_id");
CREATE UNIQUE INDEX "auth_user_user_permissions_user_id_permission_id_14a6b632_uniq" ON "auth_user_user_permissions" ("user_id", "permission_id");
CREATE INDEX IF NOT EXISTS "auth_user_user_permissions_user_id_a95ead1b" ON "auth_user_user_permissions" ("user_id");
CREATE INDEX IF NOT EXISTS "auth_user_user_permissions_permission_id_1fbb5f2c" ON "auth_user_user_permissions" ("permission_id");
CREATE INDEX IF NOT EXISTS "django_admin_log_content_type_id_c4bce8eb" ON "django_admin_log" ("content_type_id");
CREATE INDEX IF NOT EXISTS "django_admin_log_user_id_c564eba6" ON "django_admin_log" ("user_id");
CREATE UNIQUE INDEX "django_content_type_app_label_model_76bd3d3b_uniq" ON "django_content_type" ("app_label", "model");
CREATE INDEX IF NOT EXISTS "django_session_expire_date_a5c62663" ON "django_session" ("expire_date");
CREATE INDEX IF NOT EXISTS "django_apscheduler_djangojob_next_run_time_2f022619" ON "django_apscheduler_djangojob" ("next_run_time");
CREATE INDEX IF NOT EXISTS "django_apscheduler_djangojobexecution_run_time_16edd96b" ON "django_apscheduler_djangojobexecution" ("run_time");
CREATE INDEX IF NOT EXISTS "django_apscheduler_djangojobexecution_job_id_daf5090a" ON "django_apscheduler_djangojobexecution" ("job_id");
CREATE TABLE IF NOT EXISTS "app_client" ("id" integer NOT NULL PRIMARY KEY AUTOINCREMENT, "codeCl" varchar(10) NOT NULL UNIQUE, "nomCl" varchar(50) NOT NULL, "prenomCl" varchar(50) NOT NULL, "adresseCl" varchar(100) NOT NULL, "telephoneCl" varchar(20) NOT NULL, "credit" decimal NOT NULL, "active" bool NOT NULL);
INSERT INTO "app_client" VALUES(1,'70785','Valerie','Cooper','848 Wyatt OvalPort Robert, MA 83679','889-517-4403x1576',6991,0);
INSERT INTO "app_client" VALUES(11,'cl3','boutehra','douaa','sidi mhamed','0791259811',12,1);
CREATE UNIQUE INDEX "app_absent_employe_id_date_abcence_5a9119a1_uniq" ON "app_absent" ("employe_id", "date_abcence");
CREATE INDEX IF NOT EXISTS "app_absent_employe_id_99ff3a28" ON "app_absent" ("employe_id");
CREATE UNIQUE INDEX "app_achat_fournisseur_id_matiere_achete_id_buyed_at_3b0e72b5_uniq" ON "app_achat" ("fournisseur_id", "matiere_achete_id", "buyed_at");
CREATE INDEX IF NOT EXISTS "app_achat_fournisseur_id_df1b44e7" ON "app_achat" ("fournisseur_id");
CREATE INDEX IF NOT EXISTS "app_achat_matiere_achete_id_7b00d22e" ON "app_achat" ("matiere_achete_id");
CREATE INDEX IF NOT EXISTS "app_employe_EmployeCentre_id_2b2d46a0" ON "app_employe" ("EmployeCentre_id");
CREATE UNIQUE INDEX "app_ingridiant_produit_id_matiere_id_0f3663d3_uniq" ON "app_ingridiant" ("produit_id", "matiere_id");
CREATE INDEX IF NOT EXISTS "app_ingridiant_matiere_id_5f5a9080" ON "app_ingridiant" ("matiere_id");
CREATE INDEX IF NOT EXISTS "app_ingridiant_produit_id_45775460" ON "app_ingridiant" ("produit_id");
CREATE UNIQUE INDEX "app_massrouf_employe_id_demende_at_1412f299_uniq" ON "app_massrouf" ("employe_id", "demende_at");
CREATE INDEX IF NOT EXISTS "app_massrouf_employe_id_4d109e96" ON "app_massrouf" ("employe_id");
CREATE UNIQUE INDEX "app_paymentachat_fournisseur_id_pay_at_23686ffc_uniq" ON "app_paymentachat" ("fournisseur_id", "pay_at");
CREATE INDEX IF NOT EXISTS "app_paymentachat_fournisseur_id_79adb214" ON "app_paymentachat" ("fournisseur_id");
CREATE UNIQUE INDEX "app_paymentvente_client_id_pay_at_a628ceef_uniq" ON "app_paymentvente" ("client_id", "pay_at");
CREATE INDEX IF NOT EXISTS "app_paymentvente_client_id_c52815a0" ON "app_paymentvente" ("client_id");
CREATE UNIQUE INDEX "app_transfert_centre_id_produit_transfere_id_transfer_at_67b8afe0_uniq" ON "app_transfert" ("centre_id", "produit_transfere_id", "transfer_at");
CREATE INDEX IF NOT EXISTS "app_transfert_centre_id_f6c76dd0" ON "app_transfert" ("centre_id");
CREATE INDEX IF NOT EXISTS "app_transfert_produit_transfere_id_9bf43697" ON "app_transfert" ("produit_transfere_id");
CREATE UNIQUE INDEX "app_ventem_client_id_matiere_vendus_id_salled_at_638423cd_uniq" ON "app_ventem" ("client_id", "matiere_vendus_id", "salled_at");
CREATE INDEX IF NOT EXISTS "app_ventem_client_id_aec2496a" ON "app_ventem" ("client_id");
CREATE INDEX IF NOT EXISTS "app_ventem_matiere_vendus_id_50ab3035" ON "app_ventem" ("matiere_vendus_id");
CREATE INDEX IF NOT EXISTS "app_ventep_client_id_88d20d9a" ON "app_ventep" ("client_id");
CREATE INDEX IF NOT EXISTS "app_ventep_produit_vendus_id_13d61abc" ON "app_ventep" ("produit_vendus_id");
CREATE INDEX IF NOT EXISTS "app_ventep_lieu_ventes_id_df768cfb" ON "app_ventep" ("lieu_ventes_id");
CREATE UNIQUE INDEX "app_ventep_client_id_produit_vendus_id_salled_at_lieu_ventes_id_b4561e77_uniq" ON "app_ventep" ("client_id", "produit_vendus_id", "salled_at", "lieu_ventes_id");
CREATE UNIQUE INDEX "auth_group_permissions_group_id_permission_id_0cd325b0_uniq" ON "auth_group_permissions" ("group_id", "permission_id");
CREATE INDEX IF NOT EXISTS "auth_group_permissions_group_id_b120cbf9" ON "auth_group_permissions" ("group_id");
CREATE INDEX IF NOT EXISTS "auth_group_permissions_permission_id_84c5c92e" ON "auth_group_permissions" ("permission_id");
CREATE UNIQUE INDEX "auth_permission_content_type_id_codename_01ab375a_uniq" ON "auth_permission" ("content_type_id", "codename");
CREATE INDEX IF NOT EXISTS "auth_permission_content_type_id_2f476e4b" ON "auth_permission" ("content_type_id");
CREATE UNIQUE INDEX "auth_user_groups_user_id_group_id_94350c0c_uniq" ON "auth_user_groups" ("user_id", "group_id");
CREATE INDEX IF NOT EXISTS "auth_user_groups_user_id_6a12ed8b" ON "auth_user_groups" ("user_id");
CREATE INDEX IF NOT EXISTS "auth_user_groups_group_id_97559544" ON "auth_user_groups" ("group_id");
CREATE UNIQUE INDEX "auth_user_user_permissions_user_id_permission_id_14a6b632_uniq" ON "auth_user_user_permissions" ("user_id", "permission_id");
CREATE INDEX IF NOT EXISTS "auth_user_user_permissions_user_id_a95ead1b" ON "auth_user_user_permissions" ("user_id");
CREATE INDEX IF NOT EXISTS "auth_user_user_permissions_permission_id_1fbb5f2c" ON "auth_user_user_permissions" ("permission_id");
CREATE INDEX IF NOT EXISTS "django_admin_log_content_type_id_c4bce8eb" ON "django_admin_log" ("content_type_id");
CREATE INDEX IF NOT EXISTS "django_admin_log_user_id_c564eba6" ON "django_admin_log" ("user_id");
CREATE UNIQUE INDEX "django_content_type_app_label_model_76bd3d3b_uniq" ON "django_content_type" ("app_label", "model");
CREATE INDEX IF NOT EXISTS "django_session_expire_date_a5c62663" ON "django_session" ("expire_date");
CREATE INDEX IF NOT EXISTS "django_apscheduler_djangojob_next_run_time_2f022619" ON "django_apscheduler_djangojob" ("next_run_time");
CREATE INDEX IF NOT EXISTS "django_apscheduler_djangojobexecution_run_time_16edd96b" ON "django_apscheduler_djangojobexecution" ("run_time");
CREATE INDEX IF NOT EXISTS "django_apscheduler_djangojobexecution_job_id_daf5090a" ON "django_apscheduler_djangojobexecution" ("job_id");
CREATE TABLE IF NOT EXISTS "app_employe" ("id" integer NOT NULL PRIMARY KEY AUTOINCREMENT, "codeEmp" varchar(50) NOT NULL UNIQUE, "nomEmp" varchar(50) NOT NULL, "prenomEmp" varchar(50) NOT NULL, "adresseEmp" varchar(100) NOT NULL, "telephoneEmp" varchar(20) NOT NULL, "salaire_jour" decimal NOT NULL, "EmployeCentre_id" bigint NULL REFERENCES "app_centre" ("id") DEFERRABLE INITIALLY DEFERRED, "active" bool NOT NULL);
INSERT INTO "app_employe" VALUES(17,'emp02','boutehra douaa','boutehra','sidi mhamed','0791259811',1200,1,1);
INSERT INTO "app_employe" VALUES(18,'emp020','boutehra douaa','boutehra','sidi mhamed','0791259811',1200,3,1);
INSERT INTO "app_employe" VALUES(19,'emp0200','Calibri Bold 1','dbkj','sidi mhamed','0791259811',2301,2,1);
INSERT INTO "app_employe" VALUES(20,'emp030','boutehra douaa','boutehra','sidi mhamed','0791259811',12000,2,1);
CREATE UNIQUE INDEX "app_absent_employe_id_date_abcence_5a9119a1_uniq" ON "app_absent" ("employe_id", "date_abcence");
CREATE INDEX IF NOT EXISTS "app_absent_employe_id_99ff3a28" ON "app_absent" ("employe_id");
CREATE UNIQUE INDEX "app_achat_fournisseur_id_matiere_achete_id_buyed_at_3b0e72b5_uniq" ON "app_achat" ("fournisseur_id", "matiere_achete_id", "buyed_at");
CREATE INDEX IF NOT EXISTS "app_achat_fournisseur_id_df1b44e7" ON "app_achat" ("fournisseur_id");
CREATE INDEX IF NOT EXISTS "app_achat_matiere_achete_id_7b00d22e" ON "app_achat" ("matiere_achete_id");
CREATE INDEX IF NOT EXISTS "app_employe_EmployeCentre_id_2b2d46a0" ON "app_employe" ("EmployeCentre_id");
CREATE UNIQUE INDEX "app_ingridiant_produit_id_matiere_id_0f3663d3_uniq" ON "app_ingridiant" ("produit_id", "matiere_id");
CREATE INDEX IF NOT EXISTS "app_ingridiant_matiere_id_5f5a9080" ON "app_ingridiant" ("matiere_id");
CREATE INDEX IF NOT EXISTS "app_ingridiant_produit_id_45775460" ON "app_ingridiant" ("produit_id");
CREATE UNIQUE INDEX "app_massrouf_employe_id_demende_at_1412f299_uniq" ON "app_massrouf" ("employe_id", "demende_at");
CREATE INDEX IF NOT EXISTS "app_massrouf_employe_id_4d109e96" ON "app_massrouf" ("employe_id");
CREATE UNIQUE INDEX "app_paymentachat_fournisseur_id_pay_at_23686ffc_uniq" ON "app_paymentachat" ("fournisseur_id", "pay_at");
CREATE INDEX IF NOT EXISTS "app_paymentachat_fournisseur_id_79adb214" ON "app_paymentachat" ("fournisseur_id");
CREATE UNIQUE INDEX "app_paymentvente_client_id_pay_at_a628ceef_uniq" ON "app_paymentvente" ("client_id", "pay_at");
CREATE INDEX IF NOT EXISTS "app_paymentvente_client_id_c52815a0" ON "app_paymentvente" ("client_id");
CREATE UNIQUE INDEX "app_transfert_centre_id_produit_transfere_id_transfer_at_67b8afe0_uniq" ON "app_transfert" ("centre_id", "produit_transfere_id", "transfer_at");
CREATE INDEX IF NOT EXISTS "app_transfert_centre_id_f6c76dd0" ON "app_transfert" ("centre_id");
CREATE INDEX IF NOT EXISTS "app_transfert_produit_transfere_id_9bf43697" ON "app_transfert" ("produit_transfere_id");
CREATE UNIQUE INDEX "app_ventem_client_id_matiere_vendus_id_salled_at_638423cd_uniq" ON "app_ventem" ("client_id", "matiere_vendus_id", "salled_at");
CREATE INDEX IF NOT EXISTS "app_ventem_client_id_aec2496a" ON "app_ventem" ("client_id");
CREATE INDEX IF NOT EXISTS "app_ventem_matiere_vendus_id_50ab3035" ON "app_ventem" ("matiere_vendus_id");
CREATE INDEX IF NOT EXISTS "app_ventep_client_id_88d20d9a" ON "app_ventep" ("client_id");
CREATE INDEX IF NOT EXISTS "app_ventep_produit_vendus_id_13d61abc" ON "app_ventep" ("produit_vendus_id");
CREATE INDEX IF NOT EXISTS "app_ventep_lieu_ventes_id_df768cfb" ON "app_ventep" ("lieu_ventes_id");
CREATE UNIQUE INDEX "app_ventep_client_id_produit_vendus_id_salled_at_lieu_ventes_id_b4561e77_uniq" ON "app_ventep" ("client_id", "produit_vendus_id", "salled_at", "lieu_ventes_id");
CREATE UNIQUE INDEX "auth_group_permissions_group_id_permission_id_0cd325b0_uniq" ON "auth_group_permissions" ("group_id", "permission_id");
CREATE INDEX IF NOT EXISTS "auth_group_permissions_group_id_b120cbf9" ON "auth_group_permissions" ("group_id");
CREATE INDEX IF NOT EXISTS "auth_group_permissions_permission_id_84c5c92e" ON "auth_group_permissions" ("permission_id");
CREATE UNIQUE INDEX "auth_permission_content_type_id_codename_01ab375a_uniq" ON "auth_permission" ("content_type_id", "codename");
CREATE INDEX IF NOT EXISTS "auth_permission_content_type_id_2f476e4b" ON "auth_permission" ("content_type_id");
CREATE UNIQUE INDEX "auth_user_groups_user_id_group_id_94350c0c_uniq" ON "auth_user_groups" ("user_id", "group_id");
CREATE INDEX IF NOT EXISTS "auth_user_groups_user_id_6a12ed8b" ON "auth_user_groups" ("user_id");
CREATE INDEX IF NOT EXISTS "auth_user_groups_group_id_97559544" ON "auth_user_groups" ("group_id");
CREATE UNIQUE INDEX "auth_user_user_permissions_user_id_permission_id_14a6b632_uniq" ON "auth_user_user_permissions" ("user_id", "permission_id");
CREATE INDEX IF NOT EXISTS "auth_user_user_permissions_user_id_a95ead1b" ON "auth_user_user_permissions" ("user_id");
CREATE INDEX IF NOT EXISTS "auth_user_user_permissions_permission_id_1fbb5f2c" ON "auth_user_user_permissions" ("permission_id");
CREATE INDEX IF NOT EXISTS "django_admin_log_content_type_id_c4bce8eb" ON "django_admin_log" ("content_type_id");
CREATE INDEX IF NOT EXISTS "django_admin_log_user_id_c564eba6" ON "django_admin_log" ("user_id");
CREATE UNIQUE INDEX "django_content_type_app_label_model_76bd3d3b_uniq" ON "django_content_type" ("app_label", "model");
CREATE INDEX IF NOT EXISTS "django_session_expire_date_a5c62663" ON "django_session" ("expire_date");
CREATE INDEX IF NOT EXISTS "django_apscheduler_djangojob_next_run_time_2f022619" ON "django_apscheduler_djangojob" ("next_run_time");
CREATE INDEX IF NOT EXISTS "django_apscheduler_djangojobexecution_run_time_16edd96b" ON "django_apscheduler_djangojobexecution" ("run_time");
CREATE INDEX IF NOT EXISTS "django_apscheduler_djangojobexecution_job_id_daf5090a" ON "django_apscheduler_djangojobexecution" ("job_id");
CREATE TABLE IF NOT EXISTS "app_fournisseur" ("id" integer NOT NULL PRIMARY KEY AUTOINCREMENT, "codeF" varchar(10) NOT NULL UNIQUE, "nomF" varchar(50) NOT NULL, "prenomF" varchar(50) NOT NULL, "adresseF" varchar(100) NOT NULL, "telephoneF" varchar(20) NOT NULL, "solde" decimal NOT NULL, "active" bool NOT NULL);
INSERT INTO "app_fournisseur" VALUES(1,'F1','Susan Lunaa','Woodward','East Ashleyborough','4116837634',13012,0);
INSERT INTO "app_fournisseur" VALUES(2,'F2','Robert Garcia','Robinson','Hardingbury','679-475-2299',0,0);
INSERT INTO "app_fournisseur" VALUES(3,'F3','Sheri Roberts','Brown','Evansview','685-413-6645',0,1);
INSERT INTO "app_fournisseur" VALUES(4,'F4','Joseph Martinez','Mosley','West Kennethmouth','312.678.6594',0,1);
INSERT INTO "app_fournisseur" VALUES(5,'F5','Nicole Oneill','Sanchez','North Adam','562.729.3835',0,1);
INSERT INTO "app_fournisseur" VALUES(6,'F7','boutehra','douaa','sidi mhamed','0791259811',3,1);
INSERT INTO "app_fournisseur" VALUES(7,'F001','wafaa','berrais','cite 850 logs bt 13 n 02 boudouaou boumerdes','0549586',0,1);
CREATE UNIQUE INDEX "app_absent_employe_id_date_abcence_5a9119a1_uniq" ON "app_absent" ("employe_id", "date_abcence");
CREATE INDEX IF NOT EXISTS "app_absent_employe_id_99ff3a28" ON "app_absent" ("employe_id");
CREATE UNIQUE INDEX "app_achat_fournisseur_id_matiere_achete_id_buyed_at_3b0e72b5_uniq" ON "app_achat" ("fournisseur_id", "matiere_achete_id", "buyed_at");
CREATE INDEX IF NOT EXISTS "app_achat_fournisseur_id_df1b44e7" ON "app_achat" ("fournisseur_id");
CREATE INDEX IF NOT EXISTS "app_achat_matiere_achete_id_7b00d22e" ON "app_achat" ("matiere_achete_id");
CREATE INDEX IF NOT EXISTS "app_employe_EmployeCentre_id_2b2d46a0" ON "app_employe" ("EmployeCentre_id");
CREATE UNIQUE INDEX "app_ingridiant_produit_id_matiere_id_0f3663d3_uniq" ON "app_ingridiant" ("produit_id", "matiere_id");
CREATE INDEX IF NOT EXISTS "app_ingridiant_matiere_id_5f5a9080" ON "app_ingridiant" ("matiere_id");
CREATE INDEX IF NOT EXISTS "app_ingridiant_produit_id_45775460" ON "app_ingridiant" ("produit_id");
CREATE UNIQUE INDEX "app_massrouf_employe_id_demende_at_1412f299_uniq" ON "app_massrouf" ("employe_id", "demende_at");
CREATE INDEX IF NOT EXISTS "app_massrouf_employe_id_4d109e96" ON "app_massrouf" ("employe_id");
CREATE UNIQUE INDEX "app_paymentachat_fournisseur_id_pay_at_23686ffc_uniq" ON "app_paymentachat" ("fournisseur_id", "pay_at");
CREATE INDEX IF NOT EXISTS "app_paymentachat_fournisseur_id_79adb214" ON "app_paymentachat" ("fournisseur_id");
CREATE UNIQUE INDEX "app_paymentvente_client_id_pay_at_a628ceef_uniq" ON "app_paymentvente" ("client_id", "pay_at");
CREATE INDEX IF NOT EXISTS "app_paymentvente_client_id_c52815a0" ON "app_paymentvente" ("client_id");
CREATE UNIQUE INDEX "app_transfert_centre_id_produit_transfere_id_transfer_at_67b8afe0_uniq" ON "app_transfert" ("centre_id", "produit_transfere_id", "transfer_at");
CREATE INDEX IF NOT EXISTS "app_transfert_centre_id_f6c76dd0" ON "app_transfert" ("centre_id");
CREATE INDEX IF NOT EXISTS "app_transfert_produit_transfere_id_9bf43697" ON "app_transfert" ("produit_transfere_id");
CREATE UNIQUE INDEX "app_ventem_client_id_matiere_vendus_id_salled_at_638423cd_uniq" ON "app_ventem" ("client_id", "matiere_vendus_id", "salled_at");
CREATE INDEX IF NOT EXISTS "app_ventem_client_id_aec2496a" ON "app_ventem" ("client_id");
CREATE INDEX IF NOT EXISTS "app_ventem_matiere_vendus_id_50ab3035" ON "app_ventem" ("matiere_vendus_id");
CREATE INDEX IF NOT EXISTS "app_ventep_client_id_88d20d9a" ON "app_ventep" ("client_id");
CREATE INDEX IF NOT EXISTS "app_ventep_produit_vendus_id_13d61abc" ON "app_ventep" ("produit_vendus_id");
CREATE INDEX IF NOT EXISTS "app_ventep_lieu_ventes_id_df768cfb" ON "app_ventep" ("lieu_ventes_id");
CREATE UNIQUE INDEX "app_ventep_client_id_produit_vendus_id_salled_at_lieu_ventes_id_b4561e77_uniq" ON "app_ventep" ("client_id", "produit_vendus_id", "salled_at", "lieu_ventes_id");
CREATE UNIQUE INDEX "auth_group_permissions_group_id_permission_id_0cd325b0_uniq" ON "auth_group_permissions" ("group_id", "permission_id");
CREATE INDEX IF NOT EXISTS "auth_group_permissions_group_id_b120cbf9" ON "auth_group_permissions" ("group_id");
CREATE INDEX IF NOT EXISTS "auth_group_permissions_permission_id_84c5c92e" ON "auth_group_permissions" ("permission_id");
CREATE UNIQUE INDEX "auth_permission_content_type_id_codename_01ab375a_uniq" ON "auth_permission" ("content_type_id", "codename");
CREATE INDEX IF NOT EXISTS "auth_permission_content_type_id_2f476e4b" ON "auth_permission" ("content_type_id");
CREATE UNIQUE INDEX "auth_user_groups_user_id_group_id_94350c0c_uniq" ON "auth_user_groups" ("user_id", "group_id");
CREATE INDEX IF NOT EXISTS "auth_user_groups_user_id_6a12ed8b" ON "auth_user_groups" ("user_id");
CREATE INDEX IF NOT EXISTS "auth_user_groups_group_id_97559544" ON "auth_user_groups" ("group_id");
CREATE UNIQUE INDEX "auth_user_user_permissions_user_id_permission_id_14a6b632_uniq" ON "auth_user_user_permissions" ("user_id", "permission_id");
CREATE INDEX IF NOT EXISTS "auth_user_user_permissions_user_id_a95ead1b" ON "auth_user_user_permissions" ("user_id");
CREATE INDEX IF NOT EXISTS "auth_user_user_permissions_permission_id_1fbb5f2c" ON "auth_user_user_permissions" ("permission_id");
CREATE INDEX IF NOT EXISTS "django_admin_log_content_type_id_c4bce8eb" ON "django_admin_log" ("content_type_id");
CREATE INDEX IF NOT EXISTS "django_admin_log_user_id_c564eba6" ON "django_admin_log" ("user_id");
CREATE UNIQUE INDEX "django_content_type_app_label_model_76bd3d3b_uniq" ON "django_content_type" ("app_label", "model");
CREATE INDEX IF NOT EXISTS "django_session_expire_date_a5c62663" ON "django_session" ("expire_date");
CREATE INDEX IF NOT EXISTS "django_apscheduler_djangojob_next_run_time_2f022619" ON "django_apscheduler_djangojob" ("next_run_time");
CREATE INDEX IF NOT EXISTS "django_apscheduler_djangojobexecution_run_time_16edd96b" ON "django_apscheduler_djangojobexecution" ("run_time");
CREATE INDEX IF NOT EXISTS "django_apscheduler_djangojobexecution_job_id_daf5090a" ON "django_apscheduler_djangojobexecution" ("job_id");
CREATE TABLE IF NOT EXISTS "app_ingridiant" ("id" integer NOT NULL PRIMARY KEY AUTOINCREMENT, "matiere_id" bigint NOT NULL REFERENCES "app_matierepremiere" ("id") DEFERRABLE INITIALLY DEFERRED, "produit_id" bigint NOT NULL REFERENCES "app_produit" ("id") DEFERRABLE INITIALLY DEFERRED);
INSERT INTO "app_ingridiant" VALUES(1,1,7);
INSERT INTO "app_ingridiant" VALUES(2,2,7);
CREATE UNIQUE INDEX "app_absent_employe_id_date_abcence_5a9119a1_uniq" ON "app_absent" ("employe_id", "date_abcence");
CREATE INDEX IF NOT EXISTS "app_absent_employe_id_99ff3a28" ON "app_absent" ("employe_id");
CREATE UNIQUE INDEX "app_achat_fournisseur_id_matiere_achete_id_buyed_at_3b0e72b5_uniq" ON "app_achat" ("fournisseur_id", "matiere_achete_id", "buyed_at");
CREATE INDEX IF NOT EXISTS "app_achat_fournisseur_id_df1b44e7" ON "app_achat" ("fournisseur_id");
CREATE INDEX IF NOT EXISTS "app_achat_matiere_achete_id_7b00d22e" ON "app_achat" ("matiere_achete_id");
CREATE INDEX IF NOT EXISTS "app_employe_EmployeCentre_id_2b2d46a0" ON "app_employe" ("EmployeCentre_id");
CREATE UNIQUE INDEX "app_ingridiant_produit_id_matiere_id_0f3663d3_uniq" ON "app_ingridiant" ("produit_id", "matiere_id");
CREATE INDEX IF NOT EXISTS "app_ingridiant_matiere_id_5f5a9080" ON "app_ingridiant" ("matiere_id");
CREATE INDEX IF NOT EXISTS "app_ingridiant_produit_id_45775460" ON "app_ingridiant" ("produit_id");
CREATE UNIQUE INDEX "app_massrouf_employe_id_demende_at_1412f299_uniq" ON "app_massrouf" ("employe_id", "demende_at");
CREATE INDEX IF NOT EXISTS "app_massrouf_employe_id_4d109e96" ON "app_massrouf" ("employe_id");
CREATE UNIQUE INDEX "app_paymentachat_fournisseur_id_pay_at_23686ffc_uniq" ON "app_paymentachat" ("fournisseur_id", "pay_at");
CREATE INDEX IF NOT EXISTS "app_paymentachat_fournisseur_id_79adb214" ON "app_paymentachat" ("fournisseur_id");
CREATE UNIQUE INDEX "app_paymentvente_client_id_pay_at_a628ceef_uniq" ON "app_paymentvente" ("client_id", "pay_at");
CREATE INDEX IF NOT EXISTS "app_paymentvente_client_id_c52815a0" ON "app_paymentvente" ("client_id");
CREATE UNIQUE INDEX "app_transfert_centre_id_produit_transfere_id_transfer_at_67b8afe0_uniq" ON "app_transfert" ("centre_id", "produit_transfere_id", "transfer_at");
CREATE INDEX IF NOT EXISTS "app_transfert_centre_id_f6c76dd0" ON "app_transfert" ("centre_id");
CREATE INDEX IF NOT EXISTS "app_transfert_produit_transfere_id_9bf43697" ON "app_transfert" ("produit_transfere_id");
CREATE UNIQUE INDEX "app_ventem_client_id_matiere_vendus_id_salled_at_638423cd_uniq" ON "app_ventem" ("client_id", "matiere_vendus_id", "salled_at");
CREATE INDEX IF NOT EXISTS "app_ventem_client_id_aec2496a" ON "app_ventem" ("client_id");
CREATE INDEX IF NOT EXISTS "app_ventem_matiere_vendus_id_50ab3035" ON "app_ventem" ("matiere_vendus_id");
CREATE INDEX IF NOT EXISTS "app_ventep_client_id_88d20d9a" ON "app_ventep" ("client_id");
CREATE INDEX IF NOT EXISTS "app_ventep_produit_vendus_id_13d61abc" ON "app_ventep" ("produit_vendus_id");
CREATE INDEX IF NOT EXISTS "app_ventep_lieu_ventes_id_df768cfb" ON "app_ventep" ("lieu_ventes_id");
CREATE UNIQUE INDEX "app_ventep_client_id_produit_vendus_id_salled_at_lieu_ventes_id_b4561e77_uniq" ON "app_ventep" ("client_id", "produit_vendus_id", "salled_at", "lieu_ventes_id");
CREATE UNIQUE INDEX "auth_group_permissions_group_id_permission_id_0cd325b0_uniq" ON "auth_group_permissions" ("group_id", "permission_id");
CREATE INDEX IF NOT EXISTS "auth_group_permissions_group_id_b120cbf9" ON "auth_group_permissions" ("group_id");
CREATE INDEX IF NOT EXISTS "auth_group_permissions_permission_id_84c5c92e" ON "auth_group_permissions" ("permission_id");
CREATE UNIQUE INDEX "auth_permission_content_type_id_codename_01ab375a_uniq" ON "auth_permission" ("content_type_id", "codename");
CREATE INDEX IF NOT EXISTS "auth_permission_content_type_id_2f476e4b" ON "auth_permission" ("content_type_id");
CREATE UNIQUE INDEX "auth_user_groups_user_id_group_id_94350c0c_uniq" ON "auth_user_groups" ("user_id", "group_id");
CREATE INDEX IF NOT EXISTS "auth_user_groups_user_id_6a12ed8b" ON "auth_user_groups" ("user_id");
CREATE INDEX IF NOT EXISTS "auth_user_groups_group_id_97559544" ON "auth_user_groups" ("group_id");
CREATE UNIQUE INDEX "auth_user_user_permissions_user_id_permission_id_14a6b632_uniq" ON "auth_user_user_permissions" ("user_id", "permission_id");
CREATE INDEX IF NOT EXISTS "auth_user_user_permissions_user_id_a95ead1b" ON "auth_user_user_permissions" ("user_id");
CREATE INDEX IF NOT EXISTS "auth_user_user_permissions_permission_id_1fbb5f2c" ON "auth_user_user_permissions" ("permission_id");
CREATE INDEX IF NOT EXISTS "django_admin_log_content_type_id_c4bce8eb" ON "django_admin_log" ("content_type_id");
CREATE INDEX IF NOT EXISTS "django_admin_log_user_id_c564eba6" ON "django_admin_log" ("user_id");
CREATE UNIQUE INDEX "django_content_type_app_label_model_76bd3d3b_uniq" ON "django_content_type" ("app_label", "model");
CREATE INDEX IF NOT EXISTS "django_session_expire_date_a5c62663" ON "django_session" ("expire_date");
CREATE INDEX IF NOT EXISTS "django_apscheduler_djangojob_next_run_time_2f022619" ON "django_apscheduler_djangojob" ("next_run_time");
CREATE INDEX IF NOT EXISTS "django_apscheduler_djangojobexecution_run_time_16edd96b" ON "django_apscheduler_djangojobexecution" ("run_time");
CREATE INDEX IF NOT EXISTS "django_apscheduler_djangojobexecution_job_id_daf5090a" ON "django_apscheduler_djangojobexecution" ("job_id");
CREATE TABLE IF NOT EXISTS "app_massrouf" ("id" integer NOT NULL PRIMARY KEY AUTOINCREMENT, "demende_at" date NOT NULL, "montant_dem" decimal NOT NULL, "employe_id" bigint NOT NULL REFERENCES "app_employe" ("id") DEFERRABLE INITIALLY DEFERRED);
INSERT INTO "app_massrouf" VALUES(1,'2024-01-01',200,17);
INSERT INTO "app_massrouf" VALUES(2,'2024-01-22',0,18);
CREATE UNIQUE INDEX "app_absent_employe_id_date_abcence_5a9119a1_uniq" ON "app_absent" ("employe_id", "date_abcence");
CREATE INDEX IF NOT EXISTS "app_absent_employe_id_99ff3a28" ON "app_absent" ("employe_id");
CREATE UNIQUE INDEX "app_achat_fournisseur_id_matiere_achete_id_buyed_at_3b0e72b5_uniq" ON "app_achat" ("fournisseur_id", "matiere_achete_id", "buyed_at");
CREATE INDEX IF NOT EXISTS "app_achat_fournisseur_id_df1b44e7" ON "app_achat" ("fournisseur_id");
CREATE INDEX IF NOT EXISTS "app_achat_matiere_achete_id_7b00d22e" ON "app_achat" ("matiere_achete_id");
CREATE INDEX IF NOT EXISTS "app_employe_EmployeCentre_id_2b2d46a0" ON "app_employe" ("EmployeCentre_id");
CREATE UNIQUE INDEX "app_ingridiant_produit_id_matiere_id_0f3663d3_uniq" ON "app_ingridiant" ("produit_id", "matiere_id");
CREATE INDEX IF NOT EXISTS "app_ingridiant_matiere_id_5f5a9080" ON "app_ingridiant" ("matiere_id");
CREATE INDEX IF NOT EXISTS "app_ingridiant_produit_id_45775460" ON "app_ingridiant" ("produit_id");
CREATE UNIQUE INDEX "app_massrouf_employe_id_demende_at_1412f299_uniq" ON "app_massrouf" ("employe_id", "demende_at");
CREATE INDEX IF NOT EXISTS "app_massrouf_employe_id_4d109e96" ON "app_massrouf" ("employe_id");
CREATE UNIQUE INDEX "app_paymentachat_fournisseur_id_pay_at_23686ffc_uniq" ON "app_paymentachat" ("fournisseur_id", "pay_at");
CREATE INDEX IF NOT EXISTS "app_paymentachat_fournisseur_id_79adb214" ON "app_paymentachat" ("fournisseur_id");
CREATE UNIQUE INDEX "app_paymentvente_client_id_pay_at_a628ceef_uniq" ON "app_paymentvente" ("client_id", "pay_at");
CREATE INDEX IF NOT EXISTS "app_paymentvente_client_id_c52815a0" ON "app_paymentvente" ("client_id");
CREATE UNIQUE INDEX "app_transfert_centre_id_produit_transfere_id_transfer_at_67b8afe0_uniq" ON "app_transfert" ("centre_id", "produit_transfere_id", "transfer_at");
CREATE INDEX IF NOT EXISTS "app_transfert_centre_id_f6c76dd0" ON "app_transfert" ("centre_id");
CREATE INDEX IF NOT EXISTS "app_transfert_produit_transfere_id_9bf43697" ON "app_transfert" ("produit_transfere_id");
CREATE UNIQUE INDEX "app_ventem_client_id_matiere_vendus_id_salled_at_638423cd_uniq" ON "app_ventem" ("client_id", "matiere_vendus_id", "salled_at");
CREATE INDEX IF NOT EXISTS "app_ventem_client_id_aec2496a" ON "app_ventem" ("client_id");
CREATE INDEX IF NOT EXISTS "app_ventem_matiere_vendus_id_50ab3035" ON "app_ventem" ("matiere_vendus_id");
CREATE INDEX IF NOT EXISTS "app_ventep_client_id_88d20d9a" ON "app_ventep" ("client_id");
CREATE INDEX IF NOT EXISTS "app_ventep_produit_vendus_id_13d61abc" ON "app_ventep" ("produit_vendus_id");
CREATE INDEX IF NOT EXISTS "app_ventep_lieu_ventes_id_df768cfb" ON "app_ventep" ("lieu_ventes_id");
CREATE UNIQUE INDEX "app_ventep_client_id_produit_vendus_id_salled_at_lieu_ventes_id_b4561e77_uniq" ON "app_ventep" ("client_id", "produit_vendus_id", "salled_at", "lieu_ventes_id");
CREATE UNIQUE INDEX "auth_group_permissions_group_id_permission_id_0cd325b0_uniq" ON "auth_group_permissions" ("group_id", "permission_id");
CREATE INDEX IF NOT EXISTS "auth_group_permissions_group_id_b120cbf9" ON "auth_group_permissions" ("group_id");
CREATE INDEX IF NOT EXISTS "auth_group_permissions_permission_id_84c5c92e" ON "auth_group_permissions" ("permission_id");
CREATE UNIQUE INDEX "auth_permission_content_type_id_codename_01ab375a_uniq" ON "auth_permission" ("content_type_id", "codename");
CREATE INDEX IF NOT EXISTS "auth_permission_content_type_id_2f476e4b" ON "auth_permission" ("content_type_id");
CREATE UNIQUE INDEX "auth_user_groups_user_id_group_id_94350c0c_uniq" ON "auth_user_groups" ("user_id", "group_id");
CREATE INDEX IF NOT EXISTS "auth_user_groups_user_id_6a12ed8b" ON "auth_user_groups" ("user_id");
CREATE INDEX IF NOT EXISTS "auth_user_groups_group_id_97559544" ON "auth_user_groups" ("group_id");
CREATE UNIQUE INDEX "auth_user_user_permissions_user_id_permission_id_14a6b632_uniq" ON "auth_user_user_permissions" ("user_id", "permission_id");
CREATE INDEX IF NOT EXISTS "auth_user_user_permissions_user_id_a95ead1b" ON "auth_user_user_permissions" ("user_id");
CREATE INDEX IF NOT EXISTS "auth_user_user_permissions_permission_id_1fbb5f2c" ON "auth_user_user_permissions" ("permission_id");
CREATE INDEX IF NOT EXISTS "django_admin_log_content_type_id_c4bce8eb" ON "django_admin_log" ("content_type_id");
CREATE INDEX IF NOT EXISTS "django_admin_log_user_id_c564eba6" ON "django_admin_log" ("user_id");
CREATE UNIQUE INDEX "django_content_type_app_label_model_76bd3d3b_uniq" ON "django_content_type" ("app_label", "model");
CREATE INDEX IF NOT EXISTS "django_session_expire_date_a5c62663" ON "django_session" ("expire_date");
CREATE INDEX IF NOT EXISTS "django_apscheduler_djangojob_next_run_time_2f022619" ON "django_apscheduler_djangojob" ("next_run_time");
CREATE INDEX IF NOT EXISTS "django_apscheduler_djangojobexecution_run_time_16edd96b" ON "django_apscheduler_djangojobexecution" ("run_time");
CREATE INDEX IF NOT EXISTS "django_apscheduler_djangojobexecution_job_id_daf5090a" ON "django_apscheduler_djangojobexecution" ("job_id");
CREATE TABLE IF NOT EXISTS "app_matierepremiere" ("id" integer NOT NULL PRIMARY KEY AUTOINCREMENT, "codeM" varchar(10) NOT NULL UNIQUE, "designation_matiere" varchar(50) NOT NULL, "quantiteStockMat" integer NOT NULL, "active" bool NOT NULL, "prix_unitaire_Ven" decimal NOT NULL);
INSERT INTO "app_matierepremiere" VALUES(1,'M10000','reach111',4,0,49.88);
INSERT INTO "app_matierepremiere" VALUES(2,'M10001','nation',457,1,62.36);
INSERT INTO "app_matierepremiere" VALUES(3,'M10002','suggest',636,1,80.01);
INSERT INTO "app_matierepremiere" VALUES(4,'M10003','imagine',233,1,11.61);
INSERT INTO "app_matierepremiere" VALUES(5,'M10004','white',415,1,60.09);
INSERT INTO "app_matierepremiere" VALUES(6,'M10005','it',327,1,50.09);
INSERT INTO "app_matierepremiere" VALUES(7,'M10006','so',189,1,70.37);
INSERT INTO "app_matierepremiere" VALUES(8,'M10007','capital',192,1,38.73);
INSERT INTO "app_matierepremiere" VALUES(9,'M10008','fill',344,1,5.07);
INSERT INTO "app_matierepremiere" VALUES(10,'M10009','provide',387,1,43.72);
INSERT INTO "app_matierepremiere" VALUES(11,'M901111111','4tr',12,1,0);
INSERT INTO "app_matierepremiere" VALUES(12,'M901111','reach1111',1,1,0);
INSERT INTO "app_matierepremiere" VALUES(13,'m120','des3',12,0,200);
CREATE UNIQUE INDEX "app_absent_employe_id_date_abcence_5a9119a1_uniq" ON "app_absent" ("employe_id", "date_abcence");
CREATE INDEX IF NOT EXISTS "app_absent_employe_id_99ff3a28" ON "app_absent" ("employe_id");
CREATE UNIQUE INDEX "app_achat_fournisseur_id_matiere_achete_id_buyed_at_3b0e72b5_uniq" ON "app_achat" ("fournisseur_id", "matiere_achete_id", "buyed_at");
CREATE INDEX IF NOT EXISTS "app_achat_fournisseur_id_df1b44e7" ON "app_achat" ("fournisseur_id");
CREATE INDEX IF NOT EXISTS "app_achat_matiere_achete_id_7b00d22e" ON "app_achat" ("matiere_achete_id");
CREATE INDEX IF NOT EXISTS "app_employe_EmployeCentre_id_2b2d46a0" ON "app_employe" ("EmployeCentre_id");
CREATE UNIQUE INDEX "app_ingridiant_produit_id_matiere_id_0f3663d3_uniq" ON "app_ingridiant" ("produit_id", "matiere_id");
CREATE INDEX IF NOT EXISTS "app_ingridiant_matiere_id_5f5a9080" ON "app_ingridiant" ("matiere_id");
CREATE INDEX IF NOT EXISTS "app_ingridiant_produit_id_45775460" ON "app_ingridiant" ("produit_id");
CREATE UNIQUE INDEX "app_massrouf_employe_id_demende_at_1412f299_uniq" ON "app_massrouf" ("employe_id", "demende_at");
CREATE INDEX IF NOT EXISTS "app_massrouf_employe_id_4d109e96" ON "app_massrouf" ("employe_id");
CREATE UNIQUE INDEX "app_paymentachat_fournisseur_id_pay_at_23686ffc_uniq" ON "app_paymentachat" ("fournisseur_id", "pay_at");
CREATE INDEX IF NOT EXISTS "app_paymentachat_fournisseur_id_79adb214" ON "app_paymentachat" ("fournisseur_id");
CREATE UNIQUE INDEX "app_paymentvente_client_id_pay_at_a628ceef_uniq" ON "app_paymentvente" ("client_id", "pay_at");
CREATE INDEX IF NOT EXISTS "app_paymentvente_client_id_c52815a0" ON "app_paymentvente" ("client_id");
CREATE UNIQUE INDEX "app_transfert_centre_id_produit_transfere_id_transfer_at_67b8afe0_uniq" ON "app_transfert" ("centre_id", "produit_transfere_id", "transfer_at");
CREATE INDEX IF NOT EXISTS "app_transfert_centre_id_f6c76dd0" ON "app_transfert" ("centre_id");
CREATE INDEX IF NOT EXISTS "app_transfert_produit_transfere_id_9bf43697" ON "app_transfert" ("produit_transfere_id");
CREATE UNIQUE INDEX "app_ventem_client_id_matiere_vendus_id_salled_at_638423cd_uniq" ON "app_ventem" ("client_id", "matiere_vendus_id", "salled_at");
CREATE INDEX IF NOT EXISTS "app_ventem_client_id_aec2496a" ON "app_ventem" ("client_id");
CREATE INDEX IF NOT EXISTS "app_ventem_matiere_vendus_id_50ab3035" ON "app_ventem" ("matiere_vendus_id");
CREATE INDEX IF NOT EXISTS "app_ventep_client_id_88d20d9a" ON "app_ventep" ("client_id");
CREATE INDEX IF NOT EXISTS "app_ventep_produit_vendus_id_13d61abc" ON "app_ventep" ("produit_vendus_id");
CREATE INDEX IF NOT EXISTS "app_ventep_lieu_ventes_id_df768cfb" ON "app_ventep" ("lieu_ventes_id");
CREATE UNIQUE INDEX "app_ventep_client_id_produit_vendus_id_salled_at_lieu_ventes_id_b4561e77_uniq" ON "app_ventep" ("client_id", "produit_vendus_id", "salled_at", "lieu_ventes_id");
CREATE UNIQUE INDEX "auth_group_permissions_group_id_permission_id_0cd325b0_uniq" ON "auth_group_permissions" ("group_id", "permission_id");
CREATE INDEX IF NOT EXISTS "auth_group_permissions_group_id_b120cbf9" ON "auth_group_permissions" ("group_id");
CREATE INDEX IF NOT EXISTS "auth_group_permissions_permission_id_84c5c92e" ON "auth_group_permissions" ("permission_id");
CREATE UNIQUE INDEX "auth_permission_content_type_id_codename_01ab375a_uniq" ON "auth_permission" ("content_type_id", "codename");
CREATE INDEX IF NOT EXISTS "auth_permission_content_type_id_2f476e4b" ON "auth_permission" ("content_type_id");
CREATE UNIQUE INDEX "auth_user_groups_user_id_group_id_94350c0c_uniq" ON "auth_user_groups" ("user_id", "group_id");
CREATE INDEX IF NOT EXISTS "auth_user_groups_user_id_6a12ed8b" ON "auth_user_groups" ("user_id");
CREATE INDEX IF NOT EXISTS "auth_user_groups_group_id_97559544" ON "auth_user_groups" ("group_id");
CREATE UNIQUE INDEX "auth_user_user_permissions_user_id_permission_id_14a6b632_uniq" ON "auth_user_user_permissions" ("user_id", "permission_id");
CREATE INDEX IF NOT EXISTS "auth_user_user_permissions_user_id_a95ead1b" ON "auth_user_user_permissions" ("user_id");
CREATE INDEX IF NOT EXISTS "auth_user_user_permissions_permission_id_1fbb5f2c" ON "auth_user_user_permissions" ("permission_id");
CREATE INDEX IF NOT EXISTS "django_admin_log_content_type_id_c4bce8eb" ON "django_admin_log" ("content_type_id");
CREATE INDEX IF NOT EXISTS "django_admin_log_user_id_c564eba6" ON "django_admin_log" ("user_id");
CREATE UNIQUE INDEX "django_content_type_app_label_model_76bd3d3b_uniq" ON "django_content_type" ("app_label", "model");
CREATE INDEX IF NOT EXISTS "django_session_expire_date_a5c62663" ON "django_session" ("expire_date");
CREATE INDEX IF NOT EXISTS "django_apscheduler_djangojob_next_run_time_2f022619" ON "django_apscheduler_djangojob" ("next_run_time");
CREATE INDEX IF NOT EXISTS "django_apscheduler_djangojobexecution_run_time_16edd96b" ON "django_apscheduler_djangojobexecution" ("run_time");
CREATE INDEX IF NOT EXISTS "django_apscheduler_djangojobexecution_job_id_daf5090a" ON "django_apscheduler_djangojobexecution" ("job_id");
CREATE TABLE IF NOT EXISTS "app_paymentachat" ("id" integer NOT NULL PRIMARY KEY AUTOINCREMENT, "montant_reglement" decimal NOT NULL, "fournisseur_id" bigint NOT NULL REFERENCES "app_fournisseur" ("id") DEFERRABLE INITIALLY DEFERRED, "pay_at" datetime NOT NULL);
INSERT INTO "app_paymentachat" VALUES(12,1000,1,'2024-01-22 00:00:00');
INSERT INTO "app_paymentachat" VALUES(13,10000,1,'2024-01-21 00:00:00');
CREATE UNIQUE INDEX "app_absent_employe_id_date_abcence_5a9119a1_uniq" ON "app_absent" ("employe_id", "date_abcence");
CREATE INDEX IF NOT EXISTS "app_absent_employe_id_99ff3a28" ON "app_absent" ("employe_id");
CREATE UNIQUE INDEX "app_achat_fournisseur_id_matiere_achete_id_buyed_at_3b0e72b5_uniq" ON "app_achat" ("fournisseur_id", "matiere_achete_id", "buyed_at");
CREATE INDEX IF NOT EXISTS "app_achat_fournisseur_id_df1b44e7" ON "app_achat" ("fournisseur_id");
CREATE INDEX IF NOT EXISTS "app_achat_matiere_achete_id_7b00d22e" ON "app_achat" ("matiere_achete_id");
CREATE INDEX IF NOT EXISTS "app_employe_EmployeCentre_id_2b2d46a0" ON "app_employe" ("EmployeCentre_id");
CREATE UNIQUE INDEX "app_ingridiant_produit_id_matiere_id_0f3663d3_uniq" ON "app_ingridiant" ("produit_id", "matiere_id");
CREATE INDEX IF NOT EXISTS "app_ingridiant_matiere_id_5f5a9080" ON "app_ingridiant" ("matiere_id");
CREATE INDEX IF NOT EXISTS "app_ingridiant_produit_id_45775460" ON "app_ingridiant" ("produit_id");
CREATE UNIQUE INDEX "app_massrouf_employe_id_demende_at_1412f299_uniq" ON "app_massrouf" ("employe_id", "demende_at");
CREATE INDEX IF NOT EXISTS "app_massrouf_employe_id_4d109e96" ON "app_massrouf" ("employe_id");
CREATE UNIQUE INDEX "app_paymentachat_fournisseur_id_pay_at_23686ffc_uniq" ON "app_paymentachat" ("fournisseur_id", "pay_at");
CREATE INDEX IF NOT EXISTS "app_paymentachat_fournisseur_id_79adb214" ON "app_paymentachat" ("fournisseur_id");
CREATE UNIQUE INDEX "app_paymentvente_client_id_pay_at_a628ceef_uniq" ON "app_paymentvente" ("client_id", "pay_at");
CREATE INDEX IF NOT EXISTS "app_paymentvente_client_id_c52815a0" ON "app_paymentvente" ("client_id");
CREATE UNIQUE INDEX "app_transfert_centre_id_produit_transfere_id_transfer_at_67b8afe0_uniq" ON "app_transfert" ("centre_id", "produit_transfere_id", "transfer_at");
CREATE INDEX IF NOT EXISTS "app_transfert_centre_id_f6c76dd0" ON "app_transfert" ("centre_id");
CREATE INDEX IF NOT EXISTS "app_transfert_produit_transfere_id_9bf43697" ON "app_transfert" ("produit_transfere_id");
CREATE UNIQUE INDEX "app_ventem_client_id_matiere_vendus_id_salled_at_638423cd_uniq" ON "app_ventem" ("client_id", "matiere_vendus_id", "salled_at");
CREATE INDEX IF NOT EXISTS "app_ventem_client_id_aec2496a" ON "app_ventem" ("client_id");
CREATE INDEX IF NOT EXISTS "app_ventem_matiere_vendus_id_50ab3035" ON "app_ventem" ("matiere_vendus_id");
CREATE INDEX IF NOT EXISTS "app_ventep_client_id_88d20d9a" ON "app_ventep" ("client_id");
CREATE INDEX IF NOT EXISTS "app_ventep_produit_vendus_id_13d61abc" ON "app_ventep" ("produit_vendus_id");
CREATE INDEX IF NOT EXISTS "app_ventep_lieu_ventes_id_df768cfb" ON "app_ventep" ("lieu_ventes_id");
CREATE UNIQUE INDEX "app_ventep_client_id_produit_vendus_id_salled_at_lieu_ventes_id_b4561e77_uniq" ON "app_ventep" ("client_id", "produit_vendus_id", "salled_at", "lieu_ventes_id");
CREATE UNIQUE INDEX "auth_group_permissions_group_id_permission_id_0cd325b0_uniq" ON "auth_group_permissions" ("group_id", "permission_id");
CREATE INDEX IF NOT EXISTS "auth_group_permissions_group_id_b120cbf9" ON "auth_group_permissions" ("group_id");
CREATE INDEX IF NOT EXISTS "auth_group_permissions_permission_id_84c5c92e" ON "auth_group_permissions" ("permission_id");
CREATE UNIQUE INDEX "auth_permission_content_type_id_codename_01ab375a_uniq" ON "auth_permission" ("content_type_id", "codename");
CREATE INDEX IF NOT EXISTS "auth_permission_content_type_id_2f476e4b" ON "auth_permission" ("content_type_id");
CREATE UNIQUE INDEX "auth_user_groups_user_id_group_id_94350c0c_uniq" ON "auth_user_groups" ("user_id", "group_id");
CREATE INDEX IF NOT EXISTS "auth_user_groups_user_id_6a12ed8b" ON "auth_user_groups" ("user_id");
CREATE INDEX IF NOT EXISTS "auth_user_groups_group_id_97559544" ON "auth_user_groups" ("group_id");
CREATE UNIQUE INDEX "auth_user_user_permissions_user_id_permission_id_14a6b632_uniq" ON "auth_user_user_permissions" ("user_id", "permission_id");
CREATE INDEX IF NOT EXISTS "auth_user_user_permissions_user_id_a95ead1b" ON "auth_user_user_permissions" ("user_id");
CREATE INDEX IF NOT EXISTS "auth_user_user_permissions_permission_id_1fbb5f2c" ON "auth_user_user_permissions" ("permission_id");
CREATE INDEX IF NOT EXISTS "django_admin_log_content_type_id_c4bce8eb" ON "django_admin_log" ("content_type_id");
CREATE INDEX IF NOT EXISTS "django_admin_log_user_id_c564eba6" ON "django_admin_log" ("user_id");
CREATE UNIQUE INDEX "django_content_type_app_label_model_76bd3d3b_uniq" ON "django_content_type" ("app_label", "model");
CREATE INDEX IF NOT EXISTS "django_session_expire_date_a5c62663" ON "django_session" ("expire_date");
CREATE INDEX IF NOT EXISTS "django_apscheduler_djangojob_next_run_time_2f022619" ON "django_apscheduler_djangojob" ("next_run_time");
CREATE INDEX IF NOT EXISTS "django_apscheduler_djangojobexecution_run_time_16edd96b" ON "django_apscheduler_djangojobexecution" ("run_time");
CREATE INDEX IF NOT EXISTS "django_apscheduler_djangojobexecution_job_id_daf5090a" ON "django_apscheduler_djangojobexecution" ("job_id");
CREATE TABLE IF NOT EXISTS "app_paymentvente" ("id" integer NOT NULL PRIMARY KEY AUTOINCREMENT, "montant_paye" decimal NOT NULL, "client_id" bigint NOT NULL REFERENCES "app_client" ("id") DEFERRABLE INITIALLY DEFERRED, "pay_at" datetime NOT NULL);
INSERT INTO "app_paymentvente" VALUES(1,100,1,'2024-01-14 00:00:00');
CREATE UNIQUE INDEX "app_absent_employe_id_date_abcence_5a9119a1_uniq" ON "app_absent" ("employe_id", "date_abcence");
CREATE INDEX IF NOT EXISTS "app_absent_employe_id_99ff3a28" ON "app_absent" ("employe_id");
CREATE UNIQUE INDEX "app_achat_fournisseur_id_matiere_achete_id_buyed_at_3b0e72b5_uniq" ON "app_achat" ("fournisseur_id", "matiere_achete_id", "buyed_at");
CREATE INDEX IF NOT EXISTS "app_achat_fournisseur_id_df1b44e7" ON "app_achat" ("fournisseur_id");
CREATE INDEX IF NOT EXISTS "app_achat_matiere_achete_id_7b00d22e" ON "app_achat" ("matiere_achete_id");
CREATE INDEX IF NOT EXISTS "app_employe_EmployeCentre_id_2b2d46a0" ON "app_employe" ("EmployeCentre_id");
CREATE UNIQUE INDEX "app_ingridiant_produit_id_matiere_id_0f3663d3_uniq" ON "app_ingridiant" ("produit_id", "matiere_id");
CREATE INDEX IF NOT EXISTS "app_ingridiant_matiere_id_5f5a9080" ON "app_ingridiant" ("matiere_id");
CREATE INDEX IF NOT EXISTS "app_ingridiant_produit_id_45775460" ON "app_ingridiant" ("produit_id");
CREATE UNIQUE INDEX "app_massrouf_employe_id_demende_at_1412f299_uniq" ON "app_massrouf" ("employe_id", "demende_at");
CREATE INDEX IF NOT EXISTS "app_massrouf_employe_id_4d109e96" ON "app_massrouf" ("employe_id");
CREATE UNIQUE INDEX "app_paymentachat_fournisseur_id_pay_at_23686ffc_uniq" ON "app_paymentachat" ("fournisseur_id", "pay_at");
CREATE INDEX IF NOT EXISTS "app_paymentachat_fournisseur_id_79adb214" ON "app_paymentachat" ("fournisseur_id");
CREATE UNIQUE INDEX "app_paymentvente_client_id_pay_at_a628ceef_uniq" ON "app_paymentvente" ("client_id", "pay_at");
CREATE INDEX IF NOT EXISTS "app_paymentvente_client_id_c52815a0" ON "app_paymentvente" ("client_id");
CREATE UNIQUE INDEX "app_transfert_centre_id_produit_transfere_id_transfer_at_67b8afe0_uniq" ON "app_transfert" ("centre_id", "produit_transfere_id", "transfer_at");
CREATE INDEX IF NOT EXISTS "app_transfert_centre_id_f6c76dd0" ON "app_transfert" ("centre_id");
CREATE INDEX IF NOT EXISTS "app_transfert_produit_transfere_id_9bf43697" ON "app_transfert" ("produit_transfere_id");
CREATE UNIQUE INDEX "app_ventem_client_id_matiere_vendus_id_salled_at_638423cd_uniq" ON "app_ventem" ("client_id", "matiere_vendus_id", "salled_at");
CREATE INDEX IF NOT EXISTS "app_ventem_client_id_aec2496a" ON "app_ventem" ("client_id");
CREATE INDEX IF NOT EXISTS "app_ventem_matiere_vendus_id_50ab3035" ON "app_ventem" ("matiere_vendus_id");
CREATE INDEX IF NOT EXISTS "app_ventep_client_id_88d20d9a" ON "app_ventep" ("client_id");
CREATE INDEX IF NOT EXISTS "app_ventep_produit_vendus_id_13d61abc" ON "app_ventep" ("produit_vendus_id");
CREATE INDEX IF NOT EXISTS "app_ventep_lieu_ventes_id_df768cfb" ON "app_ventep" ("lieu_ventes_id");
CREATE UNIQUE INDEX "app_ventep_client_id_produit_vendus_id_salled_at_lieu_ventes_id_b4561e77_uniq" ON "app_ventep" ("client_id", "produit_vendus_id", "salled_at", "lieu_ventes_id");
CREATE UNIQUE INDEX "auth_group_permissions_group_id_permission_id_0cd325b0_uniq" ON "auth_group_permissions" ("group_id", "permission_id");
CREATE INDEX IF NOT EXISTS "auth_group_permissions_group_id_b120cbf9" ON "auth_group_permissions" ("group_id");
CREATE INDEX IF NOT EXISTS "auth_group_permissions_permission_id_84c5c92e" ON "auth_group_permissions" ("permission_id");
CREATE UNIQUE INDEX "auth_permission_content_type_id_codename_01ab375a_uniq" ON "auth_permission" ("content_type_id", "codename");
CREATE INDEX IF NOT EXISTS "auth_permission_content_type_id_2f476e4b" ON "auth_permission" ("content_type_id");
CREATE UNIQUE INDEX "auth_user_groups_user_id_group_id_94350c0c_uniq" ON "auth_user_groups" ("user_id", "group_id");
CREATE INDEX IF NOT EXISTS "auth_user_groups_user_id_6a12ed8b" ON "auth_user_groups" ("user_id");
CREATE INDEX IF NOT EXISTS "auth_user_groups_group_id_97559544" ON "auth_user_groups" ("group_id");
CREATE UNIQUE INDEX "auth_user_user_permissions_user_id_permission_id_14a6b632_uniq" ON "auth_user_user_permissions" ("user_id", "permission_id");
CREATE INDEX IF NOT EXISTS "auth_user_user_permissions_user_id_a95ead1b" ON "auth_user_user_permissions" ("user_id");
CREATE INDEX IF NOT EXISTS "auth_user_user_permissions_permission_id_1fbb5f2c" ON "auth_user_user_permissions" ("permission_id");
CREATE INDEX IF NOT EXISTS "django_admin_log_content_type_id_c4bce8eb" ON "django_admin_log" ("content_type_id");
CREATE INDEX IF NOT EXISTS "django_admin_log_user_id_c564eba6" ON "django_admin_log" ("user_id");
CREATE UNIQUE INDEX "django_content_type_app_label_model_76bd3d3b_uniq" ON "django_content_type" ("app_label", "model");
CREATE INDEX IF NOT EXISTS "django_session_expire_date_a5c62663" ON "django_session" ("expire_date");
CREATE INDEX IF NOT EXISTS "django_apscheduler_djangojob_next_run_time_2f022619" ON "django_apscheduler_djangojob" ("next_run_time");
CREATE INDEX IF NOT EXISTS "django_apscheduler_djangojobexecution_run_time_16edd96b" ON "django_apscheduler_djangojobexecution" ("run_time");
CREATE INDEX IF NOT EXISTS "django_apscheduler_djangojobexecution_job_id_daf5090a" ON "django_apscheduler_djangojobexecution" ("job_id");
CREATE TABLE IF NOT EXISTS "app_produit" ("id" integer NOT NULL PRIMARY KEY AUTOINCREMENT, "codeP" varchar(10) NOT NULL UNIQUE, "designation_produit" varchar(50) NOT NULL, "prix_unitaire_Ven" decimal NOT NULL, "quantiteStockPod" integer NOT NULL, "active" bool NOT NULL);
INSERT INTO "app_produit" VALUES(1,'79270','hand',72.61,3,0);
INSERT INTO "app_produit" VALUES(2,'79003','leave',29.49,555,0);
INSERT INTO "app_produit" VALUES(3,'80998','issue',20.5,913,0);
INSERT INTO "app_produit" VALUES(4,'11347','against',77.77,941,0);
INSERT INTO "app_produit" VALUES(5,'25090','stand',11.97,974,0);
INSERT INTO "app_produit" VALUES(6,'8410','pull',84.6,903,0);
INSERT INTO "app_produit" VALUES(7,'57184','your',72.34,450,1);
INSERT INTO "app_produit" VALUES(8,'36116','middle',34.93,76,0);
INSERT INTO "app_produit" VALUES(9,'15464','well',29.6,330,0);
INSERT INTO "app_produit" VALUES(10,'19238','program',40.29,713,0);
INSERT INTO "app_produit" VALUES(11,'M9011','reach1111',10,1,1);
INSERT INTO "app_produit" VALUES(12,'m1','reach1111',10,1,1);
INSERT INTO "app_produit" VALUES(13,'m1w','reach1111',10,1,1);
CREATE UNIQUE INDEX "app_absent_employe_id_date_abcence_5a9119a1_uniq" ON "app_absent" ("employe_id", "date_abcence");
CREATE INDEX IF NOT EXISTS "app_absent_employe_id_99ff3a28" ON "app_absent" ("employe_id");
CREATE UNIQUE INDEX "app_achat_fournisseur_id_matiere_achete_id_buyed_at_3b0e72b5_uniq" ON "app_achat" ("fournisseur_id", "matiere_achete_id", "buyed_at");
CREATE INDEX IF NOT EXISTS "app_achat_fournisseur_id_df1b44e7" ON "app_achat" ("fournisseur_id");
CREATE INDEX IF NOT EXISTS "app_achat_matiere_achete_id_7b00d22e" ON "app_achat" ("matiere_achete_id");
CREATE INDEX IF NOT EXISTS "app_employe_EmployeCentre_id_2b2d46a0" ON "app_employe" ("EmployeCentre_id");
CREATE UNIQUE INDEX "app_ingridiant_produit_id_matiere_id_0f3663d3_uniq" ON "app_ingridiant" ("produit_id", "matiere_id");
CREATE INDEX IF NOT EXISTS "app_ingridiant_matiere_id_5f5a9080" ON "app_ingridiant" ("matiere_id");
CREATE INDEX IF NOT EXISTS "app_ingridiant_produit_id_45775460" ON "app_ingridiant" ("produit_id");
CREATE UNIQUE INDEX "app_massrouf_employe_id_demende_at_1412f299_uniq" ON "app_massrouf" ("employe_id", "demende_at");
CREATE INDEX IF NOT EXISTS "app_massrouf_employe_id_4d109e96" ON "app_massrouf" ("employe_id");
CREATE UNIQUE INDEX "app_paymentachat_fournisseur_id_pay_at_23686ffc_uniq" ON "app_paymentachat" ("fournisseur_id", "pay_at");
CREATE INDEX IF NOT EXISTS "app_paymentachat_fournisseur_id_79adb214" ON "app_paymentachat" ("fournisseur_id");
CREATE UNIQUE INDEX "app_paymentvente_client_id_pay_at_a628ceef_uniq" ON "app_paymentvente" ("client_id", "pay_at");
CREATE INDEX IF NOT EXISTS "app_paymentvente_client_id_c52815a0" ON "app_paymentvente" ("client_id");
CREATE UNIQUE INDEX "app_transfert_centre_id_produit_transfere_id_transfer_at_67b8afe0_uniq" ON "app_transfert" ("centre_id", "produit_transfere_id", "transfer_at");
CREATE INDEX IF NOT EXISTS "app_transfert_centre_id_f6c76dd0" ON "app_transfert" ("centre_id");
CREATE INDEX IF NOT EXISTS "app_transfert_produit_transfere_id_9bf43697" ON "app_transfert" ("produit_transfere_id");
CREATE UNIQUE INDEX "app_ventem_client_id_matiere_vendus_id_salled_at_638423cd_uniq" ON "app_ventem" ("client_id", "matiere_vendus_id", "salled_at");
CREATE INDEX IF NOT EXISTS "app_ventem_client_id_aec2496a" ON "app_ventem" ("client_id");
CREATE INDEX IF NOT EXISTS "app_ventem_matiere_vendus_id_50ab3035" ON "app_ventem" ("matiere_vendus_id");
CREATE INDEX IF NOT EXISTS "app_ventep_client_id_88d20d9a" ON "app_ventep" ("client_id");
CREATE INDEX IF NOT EXISTS "app_ventep_produit_vendus_id_13d61abc" ON "app_ventep" ("produit_vendus_id");
CREATE INDEX IF NOT EXISTS "app_ventep_lieu_ventes_id_df768cfb" ON "app_ventep" ("lieu_ventes_id");
CREATE UNIQUE INDEX "app_ventep_client_id_produit_vendus_id_salled_at_lieu_ventes_id_b4561e77_uniq" ON "app_ventep" ("client_id", "produit_vendus_id", "salled_at", "lieu_ventes_id");
CREATE UNIQUE INDEX "auth_group_permissions_group_id_permission_id_0cd325b0_uniq" ON "auth_group_permissions" ("group_id", "permission_id");
CREATE INDEX IF NOT EXISTS "auth_group_permissions_group_id_b120cbf9" ON "auth_group_permissions" ("group_id");
CREATE INDEX IF NOT EXISTS "auth_group_permissions_permission_id_84c5c92e" ON "auth_group_permissions" ("permission_id");
CREATE UNIQUE INDEX "auth_permission_content_type_id_codename_01ab375a_uniq" ON "auth_permission" ("content_type_id", "codename");
CREATE INDEX IF NOT EXISTS "auth_permission_content_type_id_2f476e4b" ON "auth_permission" ("content_type_id");
CREATE UNIQUE INDEX "auth_user_groups_user_id_group_id_94350c0c_uniq" ON "auth_user_groups" ("user_id", "group_id");
CREATE INDEX IF NOT EXISTS "auth_user_groups_user_id_6a12ed8b" ON "auth_user_groups" ("user_id");
CREATE INDEX IF NOT EXISTS "auth_user_groups_group_id_97559544" ON "auth_user_groups" ("group_id");
CREATE UNIQUE INDEX "auth_user_user_permissions_user_id_permission_id_14a6b632_uniq" ON "auth_user_user_permissions" ("user_id", "permission_id");
CREATE INDEX IF NOT EXISTS "auth_user_user_permissions_user_id_a95ead1b" ON "auth_user_user_permissions" ("user_id");
CREATE INDEX IF NOT EXISTS "auth_user_user_permissions_permission_id_1fbb5f2c" ON "auth_user_user_permissions" ("permission_id");
CREATE INDEX IF NOT EXISTS "django_admin_log_content_type_id_c4bce8eb" ON "django_admin_log" ("content_type_id");
CREATE INDEX IF NOT EXISTS "django_admin_log_user_id_c564eba6" ON "django_admin_log" ("user_id");
CREATE UNIQUE INDEX "django_content_type_app_label_model_76bd3d3b_uniq" ON "django_content_type" ("app_label", "model");
CREATE INDEX IF NOT EXISTS "django_session_expire_date_a5c62663" ON "django_session" ("expire_date");
CREATE INDEX IF NOT EXISTS "django_apscheduler_djangojob_next_run_time_2f022619" ON "django_apscheduler_djangojob" ("next_run_time");
CREATE INDEX IF NOT EXISTS "django_apscheduler_djangojobexecution_run_time_16edd96b" ON "django_apscheduler_djangojobexecution" ("run_time");
CREATE INDEX IF NOT EXISTS "django_apscheduler_djangojobexecution_job_id_daf5090a" ON "django_apscheduler_djangojobexecution" ("job_id");
CREATE TABLE IF NOT EXISTS "app_transfert" ("id" integer NOT NULL PRIMARY KEY AUTOINCREMENT, "quantitTran" integer NOT NULL, "cout_transfere" decimal NOT NULL, "centre_id" bigint NOT NULL REFERENCES "app_centre" ("id") DEFERRABLE INITIALLY DEFERRED, "produit_transfere_id" bigint NOT NULL REFERENCES "app_matierepremiere" ("id") DEFERRABLE INITIALLY DEFERRED, "transfer_at" datetime NOT NULL);
INSERT INTO "app_transfert" VALUES(5,2,98.67,1,8,'2024-01-02 06:40:45');
INSERT INTO "app_transfert" VALUES(6,1,11.61,2,7,'2024-01-18 00:44:03');
INSERT INTO "app_transfert" VALUES(7,9,62.41,2,9,'2024-01-02 14:30:38');
INSERT INTO "app_transfert" VALUES(8,1,28.11,2,4,'2024-01-20 18:22:21');
INSERT INTO "app_transfert" VALUES(9,1,91.84,2,10,'2024-01-08 16:41:50');
INSERT INTO "app_transfert" VALUES(10,5,69.28,2,3,'2024-01-07 17:57:58');
INSERT INTO "app_transfert" VALUES(11,3,67.9,3,10,'2024-01-07 21:41:41');
INSERT INTO "app_transfert" VALUES(12,6,9.16,3,9,'2024-01-20 23:31:27');
INSERT INTO "app_transfert" VALUES(13,6,24.65,3,9,'2024-01-04 10:08:18');
INSERT INTO "app_transfert" VALUES(14,5,19.77,3,7,'2024-01-02 01:43:45');
INSERT INTO "app_transfert" VALUES(15,3,76.27,3,2,'2024-01-14 17:28:51');
INSERT INTO "app_transfert" VALUES(16,123,267.03,1,2,'2024-01-16 00:00:00');
INSERT INTO "app_transfert" VALUES(17,5,330.52,1,7,'2024-01-24 00:00:00');
INSERT INTO "app_transfert" VALUES(18,5,207.65,1,6,'2024-01-24 00:00:00');
INSERT INTO "app_transfert" VALUES(19,-1,-95.48,1,1,'2024-01-16 00:00:00');
INSERT INTO "app_transfert" VALUES(20,2,79.2,1,8,'2023-04-08 13:51:14');
INSERT INTO "app_transfert" VALUES(21,7,19.42,1,2,'2023-11-26 21:18:26');
INSERT INTO "app_transfert" VALUES(22,6,51.96,1,3,'2023-11-18 17:25:33');
INSERT INTO "app_transfert" VALUES(23,6,86.13,1,9,'2023-01-11 10:52:08');
INSERT INTO "app_transfert" VALUES(24,6,84.49,1,3,'2023-09-19 09:13:22');
INSERT INTO "app_transfert" VALUES(25,1,91.04,1,1,'2023-01-12 11:42:11');
INSERT INTO "app_transfert" VALUES(26,8,76.74,1,3,'2023-12-11 19:55:15');
INSERT INTO "app_transfert" VALUES(27,3,24.65,1,8,'2023-06-19 15:14:44');
INSERT INTO "app_transfert" VALUES(28,1,88.03,1,6,'2023-01-21 03:19:04');
INSERT INTO "app_transfert" VALUES(29,2,69.39,1,2,'2023-03-31 17:56:25');
INSERT INTO "app_transfert" VALUES(30,10,58,2,7,'2023-06-25 22:06:53');
INSERT INTO "app_transfert" VALUES(31,6,87.99,2,10,'2023-03-15 02:42:24');
INSERT INTO "app_transfert" VALUES(32,8,45.96,2,7,'2023-11-28 02:35:32');
INSERT INTO "app_transfert" VALUES(33,7,22.4,2,6,'2023-09-08 09:07:30');
INSERT INTO "app_transfert" VALUES(34,1,79.28,2,12,'2023-06-16 01:31:24');
INSERT INTO "app_transfert" VALUES(35,2,87.76,2,11,'2023-05-15 04:57:44');
INSERT INTO "app_transfert" VALUES(36,2,82.49,2,10,'2023-11-05 09:11:46');
INSERT INTO "app_transfert" VALUES(37,3,78.1,2,13,'2023-11-21 23:09:03');
INSERT INTO "app_transfert" VALUES(38,2,10.4,2,1,'2023-08-02 03:24:02');
INSERT INTO "app_transfert" VALUES(39,5,2.95,2,3,'2023-01-18 12:36:17');
INSERT INTO "app_transfert" VALUES(40,7,37.94,3,11,'2023-08-01 19:16:45');
INSERT INTO "app_transfert" VALUES(41,7,24.02,3,4,'2023-05-02 22:44:10');
INSERT INTO "app_transfert" VALUES(42,2,17.34,3,6,'2023-11-07 14:12:22');
INSERT INTO "app_transfert" VALUES(43,3,67.93,3,2,'2023-04-07 23:20:54');
INSERT INTO "app_transfert" VALUES(44,1,10.45,3,5,'2023-08-17 02:20:04');
INSERT INTO "app_transfert" VALUES(45,2,83.68,3,11,'2023-10-23 08:03:49');
INSERT INTO "app_transfert" VALUES(46,6,43.25,3,3,'2023-07-05 08:56:30');
INSERT INTO "app_transfert" VALUES(47,3,20.84,3,7,'2023-09-15 07:31:31');
INSERT INTO "app_transfert" VALUES(48,7,18.86,3,12,'2023-05-28 03:01:59');
INSERT INTO "app_transfert" VALUES(49,2,9.41,3,5,'2023-03-19 21:26:28');
INSERT INTO "app_transfert" VALUES(50,10,20.46,1,10,'2023-04-14 16:12:59');
INSERT INTO "app_transfert" VALUES(51,3,3.04,1,5,'2023-05-10 21:45:06');
INSERT INTO "app_transfert" VALUES(52,5,1.05,1,2,'2023-05-06 14:48:42');
INSERT INTO "app_transfert" VALUES(53,4,36.68,1,1,'2023-01-30 12:21:56');
INSERT INTO "app_transfert" VALUES(54,3,76.31,1,5,'2023-09-15 13:37:46');
INSERT INTO "app_transfert" VALUES(55,7,13.14,1,11,'2023-04-19 21:44:30');
INSERT INTO "app_transfert" VALUES(56,1,35.18,1,9,'2023-07-29 07:05:54');
INSERT INTO "app_transfert" VALUES(57,7,53.72,1,3,'2023-04-28 14:48:53');
INSERT INTO "app_transfert" VALUES(58,8,54.23,1,11,'2023-10-29 10:54:18');
INSERT INTO "app_transfert" VALUES(59,5,38.26,1,12,'2023-08-26 06:06:24');
INSERT INTO "app_transfert" VALUES(60,10,45.03,1,5,'2023-11-26 10:40:37');
INSERT INTO "app_transfert" VALUES(61,4,65,1,8,'2023-11-20 21:04:10');
INSERT INTO "app_transfert" VALUES(62,2,56.44,1,3,'2023-05-23 22:11:44');
INSERT INTO "app_transfert" VALUES(63,10,25.41,1,13,'2023-09-25 22:03:47');
INSERT INTO "app_transfert" VALUES(64,3,16.54,1,11,'2023-12-18 03:59:17');
INSERT INTO "app_transfert" VALUES(65,5,36.95,1,1,'2023-12-19 20:33:00');
INSERT INTO "app_transfert" VALUES(66,2,98.77,1,9,'2023-07-17 20:56:49');
INSERT INTO "app_transfert" VALUES(67,9,32.28,1,1,'2023-12-07 15:12:16');
INSERT INTO "app_transfert" VALUES(68,7,88.17,1,8,'2023-09-28 12:58:46');
INSERT INTO "app_transfert" VALUES(69,8,22.44,1,3,'2023-07-15 03:15:04');
INSERT INTO "app_transfert" VALUES(70,9,20.75,1,5,'2023-10-11 18:00:50');
INSERT INTO "app_transfert" VALUES(71,10,9.94,1,2,'2023-04-18 06:19:29');
INSERT INTO "app_transfert" VALUES(72,5,64.45,1,1,'2023-10-20 00:01:44');
INSERT INTO "app_transfert" VALUES(73,1,7.94,1,8,'2023-05-04 11:06:44');
INSERT INTO "app_transfert" VALUES(74,9,88.25,1,8,'2023-07-29 22:25:55');
INSERT INTO "app_transfert" VALUES(75,8,78.05,1,9,'2023-10-17 04:30:56');
INSERT INTO "app_transfert" VALUES(76,5,2.58,1,4,'2023-07-11 23:58:27');
INSERT INTO "app_transfert" VALUES(77,5,58.05,1,1,'2023-03-13 06:13:54');
INSERT INTO "app_transfert" VALUES(78,3,18.7,1,2,'2023-09-05 06:06:07');
INSERT INTO "app_transfert" VALUES(79,5,77.44,1,2,'2023-07-22 06:44:17');
INSERT INTO "app_transfert" VALUES(80,7,37.49,1,1,'2023-02-19 02:17:20');
INSERT INTO "app_transfert" VALUES(81,9,97.26,1,1,'2023-01-27 06:48:02');
INSERT INTO "app_transfert" VALUES(82,8,44.27,1,10,'2023-11-11 00:31:56');
INSERT INTO "app_transfert" VALUES(83,9,36.48,1,8,'2023-10-01 10:08:09');
INSERT INTO "app_transfert" VALUES(84,6,47.34,1,9,'2023-10-24 22:27:56');
INSERT INTO "app_transfert" VALUES(85,4,71.73,1,3,'2023-07-10 12:59:38');
INSERT INTO "app_transfert" VALUES(86,5,74.93,1,1,'2023-08-30 23:44:08');
INSERT INTO "app_transfert" VALUES(87,3,88.75,1,10,'2023-01-09 16:09:19');
INSERT INTO "app_transfert" VALUES(88,9,59.54,1,5,'2023-07-22 04:46:50');
INSERT INTO "app_transfert" VALUES(89,4,26.58,1,7,'2023-04-10 11:01:54');
INSERT INTO "app_transfert" VALUES(90,8,82.46,2,7,'2023-08-03 16:36:43');
INSERT INTO "app_transfert" VALUES(91,5,72.67,2,3,'2023-12-09 09:43:19');
INSERT INTO "app_transfert" VALUES(92,8,86.21,2,9,'2023-05-07 05:19:08');
INSERT INTO "app_transfert" VALUES(93,8,24.95,2,12,'2023-08-12 12:15:39');
INSERT INTO "app_transfert" VALUES(94,9,2.69,2,8,'2023-07-28 13:39:41');
INSERT INTO "app_transfert" VALUES(95,3,7.37,2,2,'2023-11-13 23:29:29');
INSERT INTO "app_transfert" VALUES(96,6,34.11,2,1,'2023-11-01 14:21:41');
INSERT INTO "app_transfert" VALUES(97,9,90.03,2,11,'2023-08-24 12:52:02');
INSERT INTO "app_transfert" VALUES(98,5,35.21,2,8,'2023-11-27 18:31:46');
INSERT INTO "app_transfert" VALUES(99,5,61.09,2,1,'2023-10-05 15:17:59');
INSERT INTO "app_transfert" VALUES(100,10,51.94,2,5,'2023-03-09 13:26:29');
INSERT INTO "app_transfert" VALUES(101,5,72.5,2,10,'2023-11-26 05:49:54');
INSERT INTO "app_transfert" VALUES(102,7,57.57,2,4,'2023-06-05 01:58:06');
INSERT INTO "app_transfert" VALUES(103,7,5.28,2,10,'2023-05-08 04:52:15');
INSERT INTO "app_transfert" VALUES(104,6,36.02,2,13,'2023-04-18 09:23:55');
INSERT INTO "app_transfert" VALUES(105,3,95.34,2,4,'2023-06-01 14:17:51');
INSERT INTO "app_transfert" VALUES(106,7,73.98,2,4,'2023-10-19 17:53:00');
INSERT INTO "app_transfert" VALUES(107,8,87.02,2,4,'2023-11-20 13:41:33');
INSERT INTO "app_transfert" VALUES(108,7,52.3,2,10,'2023-01-21 22:27:32');
INSERT INTO "app_transfert" VALUES(109,9,72.75,2,10,'2023-01-18 06:48:26');
INSERT INTO "app_transfert" VALUES(110,5,6.63,2,3,'2023-11-20 02:34:22');
INSERT INTO "app_transfert" VALUES(111,2,85.65,2,8,'2023-09-09 18:18:46');
INSERT INTO "app_transfert" VALUES(112,7,66.01,2,8,'2023-09-07 16:50:20');
INSERT INTO "app_transfert" VALUES(113,5,4.59,2,3,'2023-02-23 17:12:22');
INSERT INTO "app_transfert" VALUES(114,7,4.72,2,7,'2023-01-09 17:55:49');
INSERT INTO "app_transfert" VALUES(115,3,12.93,2,8,'2023-08-04 14:48:41');
INSERT INTO "app_transfert" VALUES(116,9,23.79,2,10,'2023-04-18 11:57:57');
INSERT INTO "app_transfert" VALUES(117,4,61.91,2,3,'2023-01-14 04:13:48');
INSERT INTO "app_transfert" VALUES(118,10,38.18,2,11,'2023-11-18 09:51:49');
INSERT INTO "app_transfert" VALUES(119,4,28.61,2,6,'2023-10-11 17:26:13');
INSERT INTO "app_transfert" VALUES(120,2,45.76,2,8,'2023-06-11 10:20:07');
INSERT INTO "app_transfert" VALUES(121,7,91.64,2,11,'2023-03-09 04:25:56');
INSERT INTO "app_transfert" VALUES(122,4,5.88,2,13,'2023-03-22 09:09:34');
INSERT INTO "app_transfert" VALUES(123,10,14.43,2,7,'2023-12-18 08:59:51');
INSERT INTO "app_transfert" VALUES(124,7,97.6,2,7,'2023-03-17 22:34:54');
INSERT INTO "app_transfert" VALUES(125,8,32.7,2,2,'2023-03-13 20:07:56');
INSERT INTO "app_transfert" VALUES(126,2,42.43,2,11,'2023-03-28 13:15:40');
INSERT INTO "app_transfert" VALUES(127,7,98.03,2,6,'2023-06-10 15:01:56');
INSERT INTO "app_transfert" VALUES(128,10,2.3,2,5,'2023-03-05 07:11:43');
INSERT INTO "app_transfert" VALUES(129,9,47.88,2,1,'2023-01-05 01:46:08');
INSERT INTO "app_transfert" VALUES(130,1,47.1,3,4,'2023-05-30 04:15:33');
INSERT INTO "app_transfert" VALUES(131,5,97.82,3,6,'2023-03-04 05:52:02');
INSERT INTO "app_transfert" VALUES(132,2,85.06,3,13,'2023-03-27 07:27:53');
INSERT INTO "app_transfert" VALUES(133,10,12.76,3,8,'2023-08-29 10:08:05');
INSERT INTO "app_transfert" VALUES(134,6,88.64,3,13,'2023-04-17 20:53:52');
INSERT INTO "app_transfert" VALUES(135,1,64.29,3,12,'2023-07-21 18:53:26');
INSERT INTO "app_transfert" VALUES(136,1,7.66,3,10,'2023-12-19 18:43:09');
INSERT INTO "app_transfert" VALUES(137,7,14.04,3,8,'2023-04-04 08:47:43');
INSERT INTO "app_transfert" VALUES(138,9,47.36,3,12,'2023-04-07 08:16:31');
INSERT INTO "app_transfert" VALUES(139,7,5.11,3,1,'2023-11-08 06:39:59');
INSERT INTO "app_transfert" VALUES(140,10,41,3,9,'2023-03-21 18:47:01');
INSERT INTO "app_transfert" VALUES(141,7,50.72,3,6,'2023-08-08 21:21:45');
INSERT INTO "app_transfert" VALUES(142,9,13.63,3,12,'2023-12-05 07:51:45');
INSERT INTO "app_transfert" VALUES(143,5,91.11,3,11,'2023-12-02 20:14:29');
INSERT INTO "app_transfert" VALUES(144,4,63.36,3,8,'2023-03-19 05:00:56');
INSERT INTO "app_transfert" VALUES(145,10,30.11,3,9,'2023-11-13 02:51:47');
INSERT INTO "app_transfert" VALUES(146,7,65.74,3,5,'2023-02-04 01:59:43');
INSERT INTO "app_transfert" VALUES(147,5,39.34,3,12,'2023-06-26 18:56:11');
INSERT INTO "app_transfert" VALUES(148,6,15.3,3,9,'2023-04-26 20:47:10');
INSERT INTO "app_transfert" VALUES(149,10,30.67,3,7,'2023-06-27 07:38:16');
INSERT INTO "app_transfert" VALUES(150,10,49.41,3,13,'2023-08-07 03:04:22');
INSERT INTO "app_transfert" VALUES(151,3,62.25,3,12,'2023-01-31 01:17:27');
INSERT INTO "app_transfert" VALUES(152,8,41.89,3,10,'2023-02-13 08:00:06');
INSERT INTO "app_transfert" VALUES(153,1,29.53,3,13,'2023-01-14 06:32:32');
INSERT INTO "app_transfert" VALUES(154,1,31.15,3,9,'2023-05-05 20:33:55');
INSERT INTO "app_transfert" VALUES(155,4,34.41,3,10,'2023-05-30 16:35:17');
INSERT INTO "app_transfert" VALUES(156,2,77.6,3,3,'2023-04-21 09:35:45');
INSERT INTO "app_transfert" VALUES(157,1,53.41,3,7,'2023-08-03 10:13:31');
INSERT INTO "app_transfert" VALUES(158,1,41.03,3,7,'2023-02-11 12:30:08');
INSERT INTO "app_transfert" VALUES(159,4,12.77,3,7,'2023-04-07 22:56:40');
INSERT INTO "app_transfert" VALUES(160,10,81.89,3,3,'2023-06-29 03:25:22');
INSERT INTO "app_transfert" VALUES(161,4,98.48,3,3,'2023-09-25 08:40:52');
INSERT INTO "app_transfert" VALUES(162,8,66.24,3,7,'2023-03-11 11:33:56');
INSERT INTO "app_transfert" VALUES(163,1,54,3,13,'2023-08-23 05:48:30');
INSERT INTO "app_transfert" VALUES(164,2,4.58,3,12,'2023-08-07 08:38:19');
INSERT INTO "app_transfert" VALUES(165,7,88.73,3,7,'2023-02-16 10:25:10');
INSERT INTO "app_transfert" VALUES(166,2,24.78,3,5,'2023-08-03 10:52:42');
INSERT INTO "app_transfert" VALUES(167,5,82.63,3,11,'2023-10-07 16:09:14');
INSERT INTO "app_transfert" VALUES(168,6,26.2,3,13,'2023-05-05 18:25:20');
INSERT INTO "app_transfert" VALUES(169,2,43.01,3,12,'2023-04-10 14:31:33');
INSERT INTO "app_transfert" VALUES(170,3,62.41,1,3,'2024-03-06 21:54:17');
INSERT INTO "app_transfert" VALUES(171,9,39.64,1,13,'2024-10-30 21:08:43');
INSERT INTO "app_transfert" VALUES(172,4,49.41,1,9,'2024-11-10 17:07:14');
INSERT INTO "app_transfert" VALUES(173,4,24.61,1,8,'2024-11-23 12:38:41');
INSERT INTO "app_transfert" VALUES(174,2,75.12,1,7,'2024-08-23 20:57:35');
INSERT INTO "app_transfert" VALUES(175,6,36.97,1,6,'2024-01-22 13:49:27');
INSERT INTO "app_transfert" VALUES(176,10,85.29,1,6,'2024-02-09 00:22:22');
INSERT INTO "app_transfert" VALUES(177,6,69.9,1,1,'2024-09-22 03:52:48');
INSERT INTO "app_transfert" VALUES(178,2,40.56,1,8,'2024-10-12 11:03:31');
INSERT INTO "app_transfert" VALUES(179,2,27.44,1,11,'2024-11-28 08:45:49');
INSERT INTO "app_transfert" VALUES(180,3,88.42,2,5,'2024-02-19 15:11:07');
INSERT INTO "app_transfert" VALUES(181,3,58.36,2,5,'2024-03-10 17:03:42');
INSERT INTO "app_transfert" VALUES(182,1,56.49,2,2,'2024-05-31 09:23:22');
INSERT INTO "app_transfert" VALUES(183,2,34.46,2,7,'2024-09-21 06:06:34');
INSERT INTO "app_transfert" VALUES(184,1,54.84,2,5,'2024-01-22 19:12:23');
INSERT INTO "app_transfert" VALUES(185,9,45.82,2,6,'2024-02-07 11:20:03');
INSERT INTO "app_transfert" VALUES(186,1,69.21,2,3,'2024-10-06 00:53:08');
INSERT INTO "app_transfert" VALUES(187,3,55.45,2,3,'2024-07-29 22:54:46');
INSERT INTO "app_transfert" VALUES(188,6,3.05,2,7,'2024-09-18 00:46:24');
INSERT INTO "app_transfert" VALUES(189,7,39.34,2,2,'2024-11-02 17:03:16');
INSERT INTO "app_transfert" VALUES(190,2,80,3,9,'2024-12-21 06:02:07');
INSERT INTO "app_transfert" VALUES(191,3,20.89,3,12,'2024-02-18 14:49:05');
INSERT INTO "app_transfert" VALUES(192,10,80.9,3,7,'2024-04-23 16:54:45');
INSERT INTO "app_transfert" VALUES(193,10,71.87,3,6,'2024-11-20 01:31:24');
INSERT INTO "app_transfert" VALUES(194,6,97.06,3,1,'2024-10-08 09:25:04');
INSERT INTO "app_transfert" VALUES(195,7,33.41,3,6,'2024-04-07 15:58:33');
INSERT INTO "app_transfert" VALUES(196,7,91.98,3,7,'2024-01-11 04:10:08');
INSERT INTO "app_transfert" VALUES(197,3,9.2,3,1,'2024-02-04 16:02:45');
INSERT INTO "app_transfert" VALUES(198,2,74.54,3,5,'2024-03-12 21:04:49');
INSERT INTO "app_transfert" VALUES(199,4,94.44,3,2,'2024-01-07 16:46:58');
CREATE UNIQUE INDEX "app_absent_employe_id_date_abcence_5a9119a1_uniq" ON "app_absent" ("employe_id", "date_abcence");
CREATE INDEX IF NOT EXISTS "app_absent_employe_id_99ff3a28" ON "app_absent" ("employe_id");
CREATE UNIQUE INDEX "app_achat_fournisseur_id_matiere_achete_id_buyed_at_3b0e72b5_uniq" ON "app_achat" ("fournisseur_id", "matiere_achete_id", "buyed_at");
CREATE INDEX IF NOT EXISTS "app_achat_fournisseur_id_df1b44e7" ON "app_achat" ("fournisseur_id");
CREATE INDEX IF NOT EXISTS "app_achat_matiere_achete_id_7b00d22e" ON "app_achat" ("matiere_achete_id");
CREATE INDEX IF NOT EXISTS "app_employe_EmployeCentre_id_2b2d46a0" ON "app_employe" ("EmployeCentre_id");
CREATE UNIQUE INDEX "app_ingridiant_produit_id_matiere_id_0f3663d3_uniq" ON "app_ingridiant" ("produit_id", "matiere_id");
CREATE INDEX IF NOT EXISTS "app_ingridiant_matiere_id_5f5a9080" ON "app_ingridiant" ("matiere_id");
CREATE INDEX IF NOT EXISTS "app_ingridiant_produit_id_45775460" ON "app_ingridiant" ("produit_id");
CREATE UNIQUE INDEX "app_massrouf_employe_id_demende_at_1412f299_uniq" ON "app_massrouf" ("employe_id", "demende_at");
CREATE INDEX IF NOT EXISTS "app_massrouf_employe_id_4d109e96" ON "app_massrouf" ("employe_id");
CREATE UNIQUE INDEX "app_paymentachat_fournisseur_id_pay_at_23686ffc_uniq" ON "app_paymentachat" ("fournisseur_id", "pay_at");
CREATE INDEX IF NOT EXISTS "app_paymentachat_fournisseur_id_79adb214" ON "app_paymentachat" ("fournisseur_id");
CREATE UNIQUE INDEX "app_paymentvente_client_id_pay_at_a628ceef_uniq" ON "app_paymentvente" ("client_id", "pay_at");
CREATE INDEX IF NOT EXISTS "app_paymentvente_client_id_c52815a0" ON "app_paymentvente" ("client_id");
CREATE UNIQUE INDEX "app_transfert_centre_id_produit_transfere_id_transfer_at_67b8afe0_uniq" ON "app_transfert" ("centre_id", "produit_transfere_id", "transfer_at");
CREATE INDEX IF NOT EXISTS "app_transfert_centre_id_f6c76dd0" ON "app_transfert" ("centre_id");
CREATE INDEX IF NOT EXISTS "app_transfert_produit_transfere_id_9bf43697" ON "app_transfert" ("produit_transfere_id");
CREATE UNIQUE INDEX "app_ventem_client_id_matiere_vendus_id_salled_at_638423cd_uniq" ON "app_ventem" ("client_id", "matiere_vendus_id", "salled_at");
CREATE INDEX IF NOT EXISTS "app_ventem_client_id_aec2496a" ON "app_ventem" ("client_id");
CREATE INDEX IF NOT EXISTS "app_ventem_matiere_vendus_id_50ab3035" ON "app_ventem" ("matiere_vendus_id");
CREATE INDEX IF NOT EXISTS "app_ventep_client_id_88d20d9a" ON "app_ventep" ("client_id");
CREATE INDEX IF NOT EXISTS "app_ventep_produit_vendus_id_13d61abc" ON "app_ventep" ("produit_vendus_id");
CREATE INDEX IF NOT EXISTS "app_ventep_lieu_ventes_id_df768cfb" ON "app_ventep" ("lieu_ventes_id");
CREATE UNIQUE INDEX "app_ventep_client_id_produit_vendus_id_salled_at_lieu_ventes_id_b4561e77_uniq" ON "app_ventep" ("client_id", "produit_vendus_id", "salled_at", "lieu_ventes_id");
CREATE UNIQUE INDEX "auth_group_permissions_group_id_permission_id_0cd325b0_uniq" ON "auth_group_permissions" ("group_id", "permission_id");
CREATE INDEX IF NOT EXISTS "auth_group_permissions_group_id_b120cbf9" ON "auth_group_permissions" ("group_id");
CREATE INDEX IF NOT EXISTS "auth_group_permissions_permission_id_84c5c92e" ON "auth_group_permissions" ("permission_id");
CREATE UNIQUE INDEX "auth_permission_content_type_id_codename_01ab375a_uniq" ON "auth_permission" ("content_type_id", "codename");
CREATE INDEX IF NOT EXISTS "auth_permission_content_type_id_2f476e4b" ON "auth_permission" ("content_type_id");
CREATE UNIQUE INDEX "auth_user_groups_user_id_group_id_94350c0c_uniq" ON "auth_user_groups" ("user_id", "group_id");
CREATE INDEX IF NOT EXISTS "auth_user_groups_user_id_6a12ed8b" ON "auth_user_groups" ("user_id");
CREATE INDEX IF NOT EXISTS "auth_user_groups_group_id_97559544" ON "auth_user_groups" ("group_id");
CREATE UNIQUE INDEX "auth_user_user_permissions_user_id_permission_id_14a6b632_uniq" ON "auth_user_user_permissions" ("user_id", "permission_id");
CREATE INDEX IF NOT EXISTS "auth_user_user_permissions_user_id_a95ead1b" ON "auth_user_user_permissions" ("user_id");
CREATE INDEX IF NOT EXISTS "auth_user_user_permissions_permission_id_1fbb5f2c" ON "auth_user_user_permissions" ("permission_id");
CREATE INDEX IF NOT EXISTS "django_admin_log_content_type_id_c4bce8eb" ON "django_admin_log" ("content_type_id");
CREATE INDEX IF NOT EXISTS "django_admin_log_user_id_c564eba6" ON "django_admin_log" ("user_id");
CREATE UNIQUE INDEX "django_content_type_app_label_model_76bd3d3b_uniq" ON "django_content_type" ("app_label", "model");
CREATE INDEX IF NOT EXISTS "django_session_expire_date_a5c62663" ON "django_session" ("expire_date");
CREATE INDEX IF NOT EXISTS "django_apscheduler_djangojob_next_run_time_2f022619" ON "django_apscheduler_djangojob" ("next_run_time");
CREATE INDEX IF NOT EXISTS "django_apscheduler_djangojobexecution_run_time_16edd96b" ON "django_apscheduler_djangojobexecution" ("run_time");
CREATE INDEX IF NOT EXISTS "django_apscheduler_djangojobexecution_job_id_daf5090a" ON "django_apscheduler_djangojobexecution" ("job_id");
CREATE TABLE IF NOT EXISTS "app_ventem" ("id" integer NOT NULL PRIMARY KEY AUTOINCREMENT, "prix_unitaire_Ven" decimal NOT NULL, "quantitVen" integer NOT NULL, "montantTotalVen" decimal NOT NULL, "client_id" bigint NOT NULL REFERENCES "app_client" ("id") DEFERRABLE INITIALLY DEFERRED, "matiere_vendus_id" bigint NOT NULL REFERENCES "app_matierepremiere" ("id") DEFERRABLE INITIALLY DEFERRED, "salled_at" datetime NOT NULL);
INSERT INTO "app_ventem" VALUES(6,49.89,0,598.68,1,1,'2024-01-21 00:00:00');
INSERT INTO "app_ventem" VALUES(7,80.01,1,960.12,1,3,'2024-02-01 00:00:00');
INSERT INTO "app_ventem" VALUES(11,98.4,1,98.4,11,2,'2023-01-05 17:56:52');
INSERT INTO "app_ventem" VALUES(12,39.21,8,313.68,11,5,'2023-10-14 18:32:26');
INSERT INTO "app_ventem" VALUES(20,50.55,10,505.5,1,8,'2023-12-01 14:27:13');
INSERT INTO "app_ventem" VALUES(21,84.83,10,848.3,11,5,'2023-11-29 12:51:31');
INSERT INTO "app_ventem" VALUES(30,59.3,10,593,1,11,'2023-09-09 08:32:21');
INSERT INTO "app_ventem" VALUES(37,41.69,1,41.69,1,4,'2023-01-08 21:10:24');
INSERT INTO "app_ventem" VALUES(42,11.78,7,82.46,11,1,'2023-07-25 08:00:39');
INSERT INTO "app_ventem" VALUES(46,37.51,2,75.02,1,1,'2023-11-30 08:26:00');
INSERT INTO "app_ventem" VALUES(47,5.8,6,34.8,11,9,'2023-09-26 15:19:58');
INSERT INTO "app_ventem" VALUES(49,31.89,2,63.78,1,9,'2023-10-31 04:53:03');
INSERT INTO "app_ventem" VALUES(58,78.86,5,394.3,11,7,'2023-01-12 15:22:15');
CREATE UNIQUE INDEX "app_absent_employe_id_date_abcence_5a9119a1_uniq" ON "app_absent" ("employe_id", "date_abcence");
CREATE INDEX IF NOT EXISTS "app_absent_employe_id_99ff3a28" ON "app_absent" ("employe_id");
CREATE UNIQUE INDEX "app_achat_fournisseur_id_matiere_achete_id_buyed_at_3b0e72b5_uniq" ON "app_achat" ("fournisseur_id", "matiere_achete_id", "buyed_at");
CREATE INDEX IF NOT EXISTS "app_achat_fournisseur_id_df1b44e7" ON "app_achat" ("fournisseur_id");
CREATE INDEX IF NOT EXISTS "app_achat_matiere_achete_id_7b00d22e" ON "app_achat" ("matiere_achete_id");
CREATE INDEX IF NOT EXISTS "app_employe_EmployeCentre_id_2b2d46a0" ON "app_employe" ("EmployeCentre_id");
CREATE UNIQUE INDEX "app_ingridiant_produit_id_matiere_id_0f3663d3_uniq" ON "app_ingridiant" ("produit_id", "matiere_id");
CREATE INDEX IF NOT EXISTS "app_ingridiant_matiere_id_5f5a9080" ON "app_ingridiant" ("matiere_id");
CREATE INDEX IF NOT EXISTS "app_ingridiant_produit_id_45775460" ON "app_ingridiant" ("produit_id");
CREATE UNIQUE INDEX "app_massrouf_employe_id_demende_at_1412f299_uniq" ON "app_massrouf" ("employe_id", "demende_at");
CREATE INDEX IF NOT EXISTS "app_massrouf_employe_id_4d109e96" ON "app_massrouf" ("employe_id");
CREATE UNIQUE INDEX "app_paymentachat_fournisseur_id_pay_at_23686ffc_uniq" ON "app_paymentachat" ("fournisseur_id", "pay_at");
CREATE INDEX IF NOT EXISTS "app_paymentachat_fournisseur_id_79adb214" ON "app_paymentachat" ("fournisseur_id");
CREATE UNIQUE INDEX "app_paymentvente_client_id_pay_at_a628ceef_uniq" ON "app_paymentvente" ("client_id", "pay_at");
CREATE INDEX IF NOT EXISTS "app_paymentvente_client_id_c52815a0" ON "app_paymentvente" ("client_id");
CREATE UNIQUE INDEX "app_transfert_centre_id_produit_transfere_id_transfer_at_67b8afe0_uniq" ON "app_transfert" ("centre_id", "produit_transfere_id", "transfer_at");
CREATE INDEX IF NOT EXISTS "app_transfert_centre_id_f6c76dd0" ON "app_transfert" ("centre_id");
CREATE INDEX IF NOT EXISTS "app_transfert_produit_transfere_id_9bf43697" ON "app_transfert" ("produit_transfere_id");
CREATE UNIQUE INDEX "app_ventem_client_id_matiere_vendus_id_salled_at_638423cd_uniq" ON "app_ventem" ("client_id", "matiere_vendus_id", "salled_at");
CREATE INDEX IF NOT EXISTS "app_ventem_client_id_aec2496a" ON "app_ventem" ("client_id");
CREATE INDEX IF NOT EXISTS "app_ventem_matiere_vendus_id_50ab3035" ON "app_ventem" ("matiere_vendus_id");
CREATE INDEX IF NOT EXISTS "app_ventep_client_id_88d20d9a" ON "app_ventep" ("client_id");
CREATE INDEX IF NOT EXISTS "app_ventep_produit_vendus_id_13d61abc" ON "app_ventep" ("produit_vendus_id");
CREATE INDEX IF NOT EXISTS "app_ventep_lieu_ventes_id_df768cfb" ON "app_ventep" ("lieu_ventes_id");
CREATE UNIQUE INDEX "app_ventep_client_id_produit_vendus_id_salled_at_lieu_ventes_id_b4561e77_uniq" ON "app_ventep" ("client_id", "produit_vendus_id", "salled_at", "lieu_ventes_id");
CREATE UNIQUE INDEX "auth_group_permissions_group_id_permission_id_0cd325b0_uniq" ON "auth_group_permissions" ("group_id", "permission_id");
CREATE INDEX IF NOT EXISTS "auth_group_permissions_group_id_b120cbf9" ON "auth_group_permissions" ("group_id");
CREATE INDEX IF NOT EXISTS "auth_group_permissions_permission_id_84c5c92e" ON "auth_group_permissions" ("permission_id");
CREATE UNIQUE INDEX "auth_permission_content_type_id_codename_01ab375a_uniq" ON "auth_permission" ("content_type_id", "codename");
CREATE INDEX IF NOT EXISTS "auth_permission_content_type_id_2f476e4b" ON "auth_permission" ("content_type_id");
CREATE UNIQUE INDEX "auth_user_groups_user_id_group_id_94350c0c_uniq" ON "auth_user_groups" ("user_id", "group_id");
CREATE INDEX IF NOT EXISTS "auth_user_groups_user_id_6a12ed8b" ON "auth_user_groups" ("user_id");
CREATE INDEX IF NOT EXISTS "auth_user_groups_group_id_97559544" ON "auth_user_groups" ("group_id");
CREATE UNIQUE INDEX "auth_user_user_permissions_user_id_permission_id_14a6b632_uniq" ON "auth_user_user_permissions" ("user_id", "permission_id");
CREATE INDEX IF NOT EXISTS "auth_user_user_permissions_user_id_a95ead1b" ON "auth_user_user_permissions" ("user_id");
CREATE INDEX IF NOT EXISTS "auth_user_user_permissions_permission_id_1fbb5f2c" ON "auth_user_user_permissions" ("permission_id");
CREATE INDEX IF NOT EXISTS "django_admin_log_content_type_id_c4bce8eb" ON "django_admin_log" ("content_type_id");
CREATE INDEX IF NOT EXISTS "django_admin_log_user_id_c564eba6" ON "django_admin_log" ("user_id");
CREATE UNIQUE INDEX "django_content_type_app_label_model_76bd3d3b_uniq" ON "django_content_type" ("app_label", "model");
CREATE INDEX IF NOT EXISTS "django_session_expire_date_a5c62663" ON "django_session" ("expire_date");
CREATE INDEX IF NOT EXISTS "django_apscheduler_djangojob_next_run_time_2f022619" ON "django_apscheduler_djangojob" ("next_run_time");
CREATE INDEX IF NOT EXISTS "django_apscheduler_djangojobexecution_run_time_16edd96b" ON "django_apscheduler_djangojobexecution" ("run_time");
CREATE INDEX IF NOT EXISTS "django_apscheduler_djangojobexecution_job_id_daf5090a" ON "django_apscheduler_djangojobexecution" ("job_id");
CREATE TABLE IF NOT EXISTS "app_ventep" ("id" integer NOT NULL PRIMARY KEY AUTOINCREMENT, "salled_at" datetime NOT NULL, "prix_unitaire_Ven" decimal NOT NULL, "quantitVen" integer NOT NULL, "montantTotalVen" decimal NOT NULL, "client_id" bigint NOT NULL REFERENCES "app_client" ("id") DEFERRABLE INITIALLY DEFERRED, "produit_vendus_id" bigint NOT NULL REFERENCES "app_produit" ("id") DEFERRABLE INITIALLY DEFERRED, "lieu_ventes_id" bigint NOT NULL REFERENCES "app_centre" ("id") DEFERRABLE INITIALLY DEFERRED);
INSERT INTO "app_ventep" VALUES(4,'2024-01-09 18:09:14',70.88,2,141.76,1,4,2);
INSERT INTO "app_ventep" VALUES(7,'2024-01-16 00:00:00',20.5,6,123,1,3,1);
INSERT INTO "app_ventep" VALUES(14,'2023-08-25 21:53:31',56.06,2,112.12,1,11,1);
INSERT INTO "app_ventep" VALUES(19,'2023-10-01 06:02:05',50.58,4,202.32,11,4,2);
INSERT INTO "app_ventep" VALUES(24,'2023-02-04 11:02:06',57.38,9,516.42,11,5,1);
INSERT INTO "app_ventep" VALUES(26,'2023-07-01 23:12:40',94.24,2,188.48,11,13,3);
INSERT INTO "app_ventep" VALUES(34,'2023-12-22 08:22:31',20.86,1,20.86,11,13,2);
INSERT INTO "app_ventep" VALUES(57,'2023-04-14 08:16:07',41.19,3,123.57,11,3,2);
INSERT INTO "app_ventep" VALUES(60,'2023-11-01 00:16:39',6.73,8,53.84,11,9,2);
INSERT INTO "app_ventep" VALUES(74,'2024-01-03 04:07:22',92.07,6,552.42,1,5,2);
INSERT INTO "app_ventep" VALUES(79,'2024-03-14 21:37:35',47.33,9,425.97,1,4,1);
INSERT INTO "app_ventep" VALUES(80,'2024-09-25 08:41:35',83.42,3,250.26,1,4,2);
INSERT INTO "app_ventep" VALUES(82,'2024-04-07 02:13:32',58.82,10,588.2,1,5,2);
INSERT INTO "app_ventep" VALUES(90,'2024-01-12 06:30:48',37.3,7,261.1,11,4,1);
INSERT INTO "app_ventep" VALUES(100,'2024-02-01 19:48:24',99.11,10,991.1,11,11,3);
CREATE UNIQUE INDEX "app_absent_employe_id_date_abcence_5a9119a1_uniq" ON "app_absent" ("employe_id", "date_abcence");
CREATE INDEX IF NOT EXISTS "app_absent_employe_id_99ff3a28" ON "app_absent" ("employe_id");
CREATE UNIQUE INDEX "app_achat_fournisseur_id_matiere_achete_id_buyed_at_3b0e72b5_uniq" ON "app_achat" ("fournisseur_id", "matiere_achete_id", "buyed_at");
CREATE INDEX IF NOT EXISTS "app_achat_fournisseur_id_df1b44e7" ON "app_achat" ("fournisseur_id");
CREATE INDEX IF NOT EXISTS "app_achat_matiere_achete_id_7b00d22e" ON "app_achat" ("matiere_achete_id");
CREATE INDEX IF NOT EXISTS "app_employe_EmployeCentre_id_2b2d46a0" ON "app_employe" ("EmployeCentre_id");
CREATE UNIQUE INDEX "app_ingridiant_produit_id_matiere_id_0f3663d3_uniq" ON "app_ingridiant" ("produit_id", "matiere_id");
CREATE INDEX IF NOT EXISTS "app_ingridiant_matiere_id_5f5a9080" ON "app_ingridiant" ("matiere_id");
CREATE INDEX IF NOT EXISTS "app_ingridiant_produit_id_45775460" ON "app_ingridiant" ("produit_id");
CREATE UNIQUE INDEX "app_massrouf_employe_id_demende_at_1412f299_uniq" ON "app_massrouf" ("employe_id", "demende_at");
CREATE INDEX IF NOT EXISTS "app_massrouf_employe_id_4d109e96" ON "app_massrouf" ("employe_id");
CREATE UNIQUE INDEX "app_paymentachat_fournisseur_id_pay_at_23686ffc_uniq" ON "app_paymentachat" ("fournisseur_id", "pay_at");
CREATE INDEX IF NOT EXISTS "app_paymentachat_fournisseur_id_79adb214" ON "app_paymentachat" ("fournisseur_id");
CREATE UNIQUE INDEX "app_paymentvente_client_id_pay_at_a628ceef_uniq" ON "app_paymentvente" ("client_id", "pay_at");
CREATE INDEX IF NOT EXISTS "app_paymentvente_client_id_c52815a0" ON "app_paymentvente" ("client_id");
CREATE UNIQUE INDEX "app_transfert_centre_id_produit_transfere_id_transfer_at_67b8afe0_uniq" ON "app_transfert" ("centre_id", "produit_transfere_id", "transfer_at");
CREATE INDEX IF NOT EXISTS "app_transfert_centre_id_f6c76dd0" ON "app_transfert" ("centre_id");
CREATE INDEX IF NOT EXISTS "app_transfert_produit_transfere_id_9bf43697" ON "app_transfert" ("produit_transfere_id");
CREATE UNIQUE INDEX "app_ventem_client_id_matiere_vendus_id_salled_at_638423cd_uniq" ON "app_ventem" ("client_id", "matiere_vendus_id", "salled_at");
CREATE INDEX IF NOT EXISTS "app_ventem_client_id_aec2496a" ON "app_ventem" ("client_id");
CREATE INDEX IF NOT EXISTS "app_ventem_matiere_vendus_id_50ab3035" ON "app_ventem" ("matiere_vendus_id");
CREATE INDEX IF NOT EXISTS "app_ventep_client_id_88d20d9a" ON "app_ventep" ("client_id");
CREATE INDEX IF NOT EXISTS "app_ventep_produit_vendus_id_13d61abc" ON "app_ventep" ("produit_vendus_id");
CREATE INDEX IF NOT EXISTS "app_ventep_lieu_ventes_id_df768cfb" ON "app_ventep" ("lieu_ventes_id");
CREATE UNIQUE INDEX "app_ventep_client_id_produit_vendus_id_salled_at_lieu_ventes_id_b4561e77_uniq" ON "app_ventep" ("client_id", "produit_vendus_id", "salled_at", "lieu_ventes_id");
CREATE UNIQUE INDEX "auth_group_permissions_group_id_permission_id_0cd325b0_uniq" ON "auth_group_permissions" ("group_id", "permission_id");
CREATE INDEX IF NOT EXISTS "auth_group_permissions_group_id_b120cbf9" ON "auth_group_permissions" ("group_id");
CREATE INDEX IF NOT EXISTS "auth_group_permissions_permission_id_84c5c92e" ON "auth_group_permissions" ("permission_id");
CREATE UNIQUE INDEX "auth_permission_content_type_id_codename_01ab375a_uniq" ON "auth_permission" ("content_type_id", "codename");
CREATE INDEX IF NOT EXISTS "auth_permission_content_type_id_2f476e4b" ON "auth_permission" ("content_type_id");
CREATE UNIQUE INDEX "auth_user_groups_user_id_group_id_94350c0c_uniq" ON "auth_user_groups" ("user_id", "group_id");
CREATE INDEX IF NOT EXISTS "auth_user_groups_user_id_6a12ed8b" ON "auth_user_groups" ("user_id");
CREATE INDEX IF NOT EXISTS "auth_user_groups_group_id_97559544" ON "auth_user_groups" ("group_id");
CREATE UNIQUE INDEX "auth_user_user_permissions_user_id_permission_id_14a6b632_uniq" ON "auth_user_user_permissions" ("user_id", "permission_id");
CREATE INDEX IF NOT EXISTS "auth_user_user_permissions_user_id_a95ead1b" ON "auth_user_user_permissions" ("user_id");
CREATE INDEX IF NOT EXISTS "auth_user_user_permissions_permission_id_1fbb5f2c" ON "auth_user_user_permissions" ("permission_id");
CREATE INDEX IF NOT EXISTS "django_admin_log_content_type_id_c4bce8eb" ON "django_admin_log" ("content_type_id");
CREATE INDEX IF NOT EXISTS "django_admin_log_user_id_c564eba6" ON "django_admin_log" ("user_id");
CREATE UNIQUE INDEX "django_content_type_app_label_model_76bd3d3b_uniq" ON "django_content_type" ("app_label", "model");
CREATE INDEX IF NOT EXISTS "django_session_expire_date_a5c62663" ON "django_session" ("expire_date");
CREATE INDEX IF NOT EXISTS "django_apscheduler_djangojob_next_run_time_2f022619" ON "django_apscheduler_djangojob" ("next_run_time");
CREATE INDEX IF NOT EXISTS "django_apscheduler_djangojobexecution_run_time_16edd96b" ON "django_apscheduler_djangojobexecution" ("run_time");
CREATE INDEX IF NOT EXISTS "django_apscheduler_djangojobexecution_job_id_daf5090a" ON "django_apscheduler_djangojobexecution" ("job_id");
CREATE TABLE IF NOT EXISTS "auth_group" ("id" integer NOT NULL PRIMARY KEY AUTOINCREMENT, "name" varchar(150) NOT NULL UNIQUE);
CREATE UNIQUE INDEX "app_absent_employe_id_date_abcence_5a9119a1_uniq" ON "app_absent" ("employe_id", "date_abcence");
CREATE INDEX IF NOT EXISTS "app_absent_employe_id_99ff3a28" ON "app_absent" ("employe_id");
CREATE UNIQUE INDEX "app_achat_fournisseur_id_matiere_achete_id_buyed_at_3b0e72b5_uniq" ON "app_achat" ("fournisseur_id", "matiere_achete_id", "buyed_at");
CREATE INDEX IF NOT EXISTS "app_achat_fournisseur_id_df1b44e7" ON "app_achat" ("fournisseur_id");
CREATE INDEX IF NOT EXISTS "app_achat_matiere_achete_id_7b00d22e" ON "app_achat" ("matiere_achete_id");
CREATE INDEX IF NOT EXISTS "app_employe_EmployeCentre_id_2b2d46a0" ON "app_employe" ("EmployeCentre_id");
CREATE UNIQUE INDEX "app_ingridiant_produit_id_matiere_id_0f3663d3_uniq" ON "app_ingridiant" ("produit_id", "matiere_id");
CREATE INDEX IF NOT EXISTS "app_ingridiant_matiere_id_5f5a9080" ON "app_ingridiant" ("matiere_id");
CREATE INDEX IF NOT EXISTS "app_ingridiant_produit_id_45775460" ON "app_ingridiant" ("produit_id");
CREATE UNIQUE INDEX "app_massrouf_employe_id_demende_at_1412f299_uniq" ON "app_massrouf" ("employe_id", "demende_at");
CREATE INDEX IF NOT EXISTS "app_massrouf_employe_id_4d109e96" ON "app_massrouf" ("employe_id");
CREATE UNIQUE INDEX "app_paymentachat_fournisseur_id_pay_at_23686ffc_uniq" ON "app_paymentachat" ("fournisseur_id", "pay_at");
CREATE INDEX IF NOT EXISTS "app_paymentachat_fournisseur_id_79adb214" ON "app_paymentachat" ("fournisseur_id");
CREATE UNIQUE INDEX "app_paymentvente_client_id_pay_at_a628ceef_uniq" ON "app_paymentvente" ("client_id", "pay_at");
CREATE INDEX IF NOT EXISTS "app_paymentvente_client_id_c52815a0" ON "app_paymentvente" ("client_id");
CREATE UNIQUE INDEX "app_transfert_centre_id_produit_transfere_id_transfer_at_67b8afe0_uniq" ON "app_transfert" ("centre_id", "produit_transfere_id", "transfer_at");
CREATE INDEX IF NOT EXISTS "app_transfert_centre_id_f6c76dd0" ON "app_transfert" ("centre_id");
CREATE INDEX IF NOT EXISTS "app_transfert_produit_transfere_id_9bf43697" ON "app_transfert" ("produit_transfere_id");
CREATE UNIQUE INDEX "app_ventem_client_id_matiere_vendus_id_salled_at_638423cd_uniq" ON "app_ventem" ("client_id", "matiere_vendus_id", "salled_at");
CREATE INDEX IF NOT EXISTS "app_ventem_client_id_aec2496a" ON "app_ventem" ("client_id");
CREATE INDEX IF NOT EXISTS "app_ventem_matiere_vendus_id_50ab3035" ON "app_ventem" ("matiere_vendus_id");
CREATE INDEX IF NOT EXISTS "app_ventep_client_id_88d20d9a" ON "app_ventep" ("client_id");
CREATE INDEX IF NOT EXISTS "app_ventep_produit_vendus_id_13d61abc" ON "app_ventep" ("produit_vendus_id");
CREATE INDEX IF NOT EXISTS "app_ventep_lieu_ventes_id_df768cfb" ON "app_ventep" ("lieu_ventes_id");
CREATE UNIQUE INDEX "app_ventep_client_id_produit_vendus_id_salled_at_lieu_ventes_id_b4561e77_uniq" ON "app_ventep" ("client_id", "produit_vendus_id", "salled_at", "lieu_ventes_id");
CREATE UNIQUE INDEX "auth_group_permissions_group_id_permission_id_0cd325b0_uniq" ON "auth_group_permissions" ("group_id", "permission_id");
CREATE INDEX IF NOT EXISTS "auth_group_permissions_group_id_b120cbf9" ON "auth_group_permissions" ("group_id");
CREATE INDEX IF NOT EXISTS "auth_group_permissions_permission_id_84c5c92e" ON "auth_group_permissions" ("permission_id");
CREATE UNIQUE INDEX "auth_permission_content_type_id_codename_01ab375a_uniq" ON "auth_permission" ("content_type_id", "codename");
CREATE INDEX IF NOT EXISTS "auth_permission_content_type_id_2f476e4b" ON "auth_permission" ("content_type_id");
CREATE UNIQUE INDEX "auth_user_groups_user_id_group_id_94350c0c_uniq" ON "auth_user_groups" ("user_id", "group_id");
CREATE INDEX IF NOT EXISTS "auth_user_groups_user_id_6a12ed8b" ON "auth_user_groups" ("user_id");
CREATE INDEX IF NOT EXISTS "auth_user_groups_group_id_97559544" ON "auth_user_groups" ("group_id");
CREATE UNIQUE INDEX "auth_user_user_permissions_user_id_permission_id_14a6b632_uniq" ON "auth_user_user_permissions" ("user_id", "permission_id");
CREATE INDEX IF NOT EXISTS "auth_user_user_permissions_user_id_a95ead1b" ON "auth_user_user_permissions" ("user_id");
CREATE INDEX IF NOT EXISTS "auth_user_user_permissions_permission_id_1fbb5f2c" ON "auth_user_user_permissions" ("permission_id");
CREATE INDEX IF NOT EXISTS "django_admin_log_content_type_id_c4bce8eb" ON "django_admin_log" ("content_type_id");
CREATE INDEX IF NOT EXISTS "django_admin_log_user_id_c564eba6" ON "django_admin_log" ("user_id");
CREATE UNIQUE INDEX "django_content_type_app_label_model_76bd3d3b_uniq" ON "django_content_type" ("app_label", "model");
CREATE INDEX IF NOT EXISTS "django_session_expire_date_a5c62663" ON "django_session" ("expire_date");
CREATE INDEX IF NOT EXISTS "django_apscheduler_djangojob_next_run_time_2f022619" ON "django_apscheduler_djangojob" ("next_run_time");
CREATE INDEX IF NOT EXISTS "django_apscheduler_djangojobexecution_run_time_16edd96b" ON "django_apscheduler_djangojobexecution" ("run_time");
CREATE INDEX IF NOT EXISTS "django_apscheduler_djangojobexecution_job_id_daf5090a" ON "django_apscheduler_djangojobexecution" ("job_id");
CREATE TABLE IF NOT EXISTS "auth_group_permissions" ("id" integer NOT NULL PRIMARY KEY AUTOINCREMENT, "group_id" integer NOT NULL REFERENCES "auth_group" ("id") DEFERRABLE INITIALLY DEFERRED, "permission_id" integer NOT NULL REFERENCES "auth_permission" ("id") DEFERRABLE INITIALLY DEFERRED);
CREATE UNIQUE INDEX "app_absent_employe_id_date_abcence_5a9119a1_uniq" ON "app_absent" ("employe_id", "date_abcence");
CREATE INDEX IF NOT EXISTS "app_absent_employe_id_99ff3a28" ON "app_absent" ("employe_id");
CREATE UNIQUE INDEX "app_achat_fournisseur_id_matiere_achete_id_buyed_at_3b0e72b5_uniq" ON "app_achat" ("fournisseur_id", "matiere_achete_id", "buyed_at");
CREATE INDEX IF NOT EXISTS "app_achat_fournisseur_id_df1b44e7" ON "app_achat" ("fournisseur_id");
CREATE INDEX IF NOT EXISTS "app_achat_matiere_achete_id_7b00d22e" ON "app_achat" ("matiere_achete_id");
CREATE INDEX IF NOT EXISTS "app_employe_EmployeCentre_id_2b2d46a0" ON "app_employe" ("EmployeCentre_id");
CREATE UNIQUE INDEX "app_ingridiant_produit_id_matiere_id_0f3663d3_uniq" ON "app_ingridiant" ("produit_id", "matiere_id");
CREATE INDEX IF NOT EXISTS "app_ingridiant_matiere_id_5f5a9080" ON "app_ingridiant" ("matiere_id");
CREATE INDEX IF NOT EXISTS "app_ingridiant_produit_id_45775460" ON "app_ingridiant" ("produit_id");
CREATE UNIQUE INDEX "app_massrouf_employe_id_demende_at_1412f299_uniq" ON "app_massrouf" ("employe_id", "demende_at");
CREATE INDEX IF NOT EXISTS "app_massrouf_employe_id_4d109e96" ON "app_massrouf" ("employe_id");
CREATE UNIQUE INDEX "app_paymentachat_fournisseur_id_pay_at_23686ffc_uniq" ON "app_paymentachat" ("fournisseur_id", "pay_at");
CREATE INDEX IF NOT EXISTS "app_paymentachat_fournisseur_id_79adb214" ON "app_paymentachat" ("fournisseur_id");
CREATE UNIQUE INDEX "app_paymentvente_client_id_pay_at_a628ceef_uniq" ON "app_paymentvente" ("client_id", "pay_at");
CREATE INDEX IF NOT EXISTS "app_paymentvente_client_id_c52815a0" ON "app_paymentvente" ("client_id");
CREATE UNIQUE INDEX "app_transfert_centre_id_produit_transfere_id_transfer_at_67b8afe0_uniq" ON "app_transfert" ("centre_id", "produit_transfere_id", "transfer_at");
CREATE INDEX IF NOT EXISTS "app_transfert_centre_id_f6c76dd0" ON "app_transfert" ("centre_id");
CREATE INDEX IF NOT EXISTS "app_transfert_produit_transfere_id_9bf43697" ON "app_transfert" ("produit_transfere_id");
CREATE UNIQUE INDEX "app_ventem_client_id_matiere_vendus_id_salled_at_638423cd_uniq" ON "app_ventem" ("client_id", "matiere_vendus_id", "salled_at");
CREATE INDEX IF NOT EXISTS "app_ventem_client_id_aec2496a" ON "app_ventem" ("client_id");
CREATE INDEX IF NOT EXISTS "app_ventem_matiere_vendus_id_50ab3035" ON "app_ventem" ("matiere_vendus_id");
CREATE INDEX IF NOT EXISTS "app_ventep_client_id_88d20d9a" ON "app_ventep" ("client_id");
CREATE INDEX IF NOT EXISTS "app_ventep_produit_vendus_id_13d61abc" ON "app_ventep" ("produit_vendus_id");
CREATE INDEX IF NOT EXISTS "app_ventep_lieu_ventes_id_df768cfb" ON "app_ventep" ("lieu_ventes_id");
CREATE UNIQUE INDEX "app_ventep_client_id_produit_vendus_id_salled_at_lieu_ventes_id_b4561e77_uniq" ON "app_ventep" ("client_id", "produit_vendus_id", "salled_at", "lieu_ventes_id");
CREATE UNIQUE INDEX "auth_group_permissions_group_id_permission_id_0cd325b0_uniq" ON "auth_group_permissions" ("group_id", "permission_id");
CREATE INDEX IF NOT EXISTS "auth_group_permissions_group_id_b120cbf9" ON "auth_group_permissions" ("group_id");
CREATE INDEX IF NOT EXISTS "auth_group_permissions_permission_id_84c5c92e" ON "auth_group_permissions" ("permission_id");
CREATE UNIQUE INDEX "auth_permission_content_type_id_codename_01ab375a_uniq" ON "auth_permission" ("content_type_id", "codename");
CREATE INDEX IF NOT EXISTS "auth_permission_content_type_id_2f476e4b" ON "auth_permission" ("content_type_id");
CREATE UNIQUE INDEX "auth_user_groups_user_id_group_id_94350c0c_uniq" ON "auth_user_groups" ("user_id", "group_id");
CREATE INDEX IF NOT EXISTS "auth_user_groups_user_id_6a12ed8b" ON "auth_user_groups" ("user_id");
CREATE INDEX IF NOT EXISTS "auth_user_groups_group_id_97559544" ON "auth_user_groups" ("group_id");
CREATE UNIQUE INDEX "auth_user_user_permissions_user_id_permission_id_14a6b632_uniq" ON "auth_user_user_permissions" ("user_id", "permission_id");
CREATE INDEX IF NOT EXISTS "auth_user_user_permissions_user_id_a95ead1b" ON "auth_user_user_permissions" ("user_id");
CREATE INDEX IF NOT EXISTS "auth_user_user_permissions_permission_id_1fbb5f2c" ON "auth_user_user_permissions" ("permission_id");
CREATE INDEX IF NOT EXISTS "django_admin_log_content_type_id_c4bce8eb" ON "django_admin_log" ("content_type_id");
CREATE INDEX IF NOT EXISTS "django_admin_log_user_id_c564eba6" ON "django_admin_log" ("user_id");
CREATE UNIQUE INDEX "django_content_type_app_label_model_76bd3d3b_uniq" ON "django_content_type" ("app_label", "model");
CREATE INDEX IF NOT EXISTS "django_session_expire_date_a5c62663" ON "django_session" ("expire_date");
CREATE INDEX IF NOT EXISTS "django_apscheduler_djangojob_next_run_time_2f022619" ON "django_apscheduler_djangojob" ("next_run_time");
CREATE INDEX IF NOT EXISTS "django_apscheduler_djangojobexecution_run_time_16edd96b" ON "django_apscheduler_djangojobexecution" ("run_time");
CREATE INDEX IF NOT EXISTS "django_apscheduler_djangojobexecution_job_id_daf5090a" ON "django_apscheduler_djangojobexecution" ("job_id");
CREATE TABLE IF NOT EXISTS "auth_permission" ("id" integer NOT NULL PRIMARY KEY AUTOINCREMENT, "content_type_id" integer NOT NULL REFERENCES "django_content_type" ("id") DEFERRABLE INITIALLY DEFERRED, "codename" varchar(100) NOT NULL, "name" varchar(255) NOT NULL);
INSERT INTO "auth_permission" VALUES(1,1,'add_logentry','Can add log entry');
INSERT INTO "auth_permission" VALUES(2,1,'change_logentry','Can change log entry');
INSERT INTO "auth_permission" VALUES(3,1,'delete_logentry','Can delete log entry');
INSERT INTO "auth_permission" VALUES(4,1,'view_logentry','Can view log entry');
INSERT INTO "auth_permission" VALUES(5,2,'add_permission','Can add permission');
INSERT INTO "auth_permission" VALUES(6,2,'change_permission','Can change permission');
INSERT INTO "auth_permission" VALUES(7,2,'delete_permission','Can delete permission');
INSERT INTO "auth_permission" VALUES(8,2,'view_permission','Can view permission');
INSERT INTO "auth_permission" VALUES(9,3,'add_group','Can add group');
INSERT INTO "auth_permission" VALUES(10,3,'change_group','Can change group');
INSERT INTO "auth_permission" VALUES(11,3,'delete_group','Can delete group');
INSERT INTO "auth_permission" VALUES(12,3,'view_group','Can view group');
INSERT INTO "auth_permission" VALUES(13,4,'add_user','Can add user');
INSERT INTO "auth_permission" VALUES(14,4,'change_user','Can change user');
INSERT INTO "auth_permission" VALUES(15,4,'delete_user','Can delete user');
INSERT INTO "auth_permission" VALUES(16,4,'view_user','Can view user');
INSERT INTO "auth_permission" VALUES(17,5,'add_contenttype','Can add content type');
INSERT INTO "auth_permission" VALUES(18,5,'change_contenttype','Can change content type');
INSERT INTO "auth_permission" VALUES(19,5,'delete_contenttype','Can delete content type');
INSERT INTO "auth_permission" VALUES(20,5,'view_contenttype','Can view content type');
INSERT INTO "auth_permission" VALUES(21,6,'add_session','Can add session');
INSERT INTO "auth_permission" VALUES(22,6,'change_session','Can change session');
INSERT INTO "auth_permission" VALUES(23,6,'delete_session','Can delete session');
INSERT INTO "auth_permission" VALUES(24,6,'view_session','Can view session');
INSERT INTO "auth_permission" VALUES(25,7,'add_centre','Can add centre');
INSERT INTO "auth_permission" VALUES(26,7,'change_centre','Can change centre');
INSERT INTO "auth_permission" VALUES(27,7,'delete_centre','Can delete centre');
INSERT INTO "auth_permission" VALUES(28,7,'view_centre','Can view centre');
INSERT INTO "auth_permission" VALUES(29,8,'add_client','Can add client');
INSERT INTO "auth_permission" VALUES(30,8,'change_client','Can change client');
INSERT INTO "auth_permission" VALUES(31,8,'delete_client','Can delete client');
INSERT INTO "auth_permission" VALUES(32,8,'view_client','Can view client');
INSERT INTO "auth_permission" VALUES(33,9,'add_fournisseur','Can add fournisseur');
INSERT INTO "auth_permission" VALUES(34,9,'change_fournisseur','Can change fournisseur');
INSERT INTO "auth_permission" VALUES(35,9,'delete_fournisseur','Can delete fournisseur');
INSERT INTO "auth_permission" VALUES(36,9,'view_fournisseur','Can view fournisseur');
INSERT INTO "auth_permission" VALUES(37,10,'add_matierepremiere','Can add matiere premiere');
INSERT INTO "auth_permission" VALUES(38,10,'change_matierepremiere','Can change matiere premiere');
INSERT INTO "auth_permission" VALUES(39,10,'delete_matierepremiere','Can delete matiere premiere');
INSERT INTO "auth_permission" VALUES(40,10,'view_matierepremiere','Can view matiere premiere');
INSERT INTO "auth_permission" VALUES(41,11,'add_produit','Can add produit');
INSERT INTO "auth_permission" VALUES(42,11,'change_produit','Can change produit');
INSERT INTO "auth_permission" VALUES(43,11,'delete_produit','Can delete produit');
INSERT INTO "auth_permission" VALUES(44,11,'view_produit','Can view produit');
INSERT INTO "auth_permission" VALUES(45,12,'add_employe','Can add employe');
INSERT INTO "auth_permission" VALUES(46,12,'change_employe','Can change employe');
INSERT INTO "auth_permission" VALUES(47,12,'delete_employe','Can delete employe');
INSERT INTO "auth_permission" VALUES(48,12,'view_employe','Can view employe');
INSERT INTO "auth_permission" VALUES(49,13,'add_massrouf','Can add massrouf');
INSERT INTO "auth_permission" VALUES(50,13,'change_massrouf','Can change massrouf');
INSERT INTO "auth_permission" VALUES(51,13,'delete_massrouf','Can delete massrouf');
INSERT INTO "auth_permission" VALUES(52,13,'view_massrouf','Can view massrouf');
INSERT INTO "auth_permission" VALUES(53,14,'add_achat','Can add achat');
INSERT INTO "auth_permission" VALUES(54,14,'change_achat','Can change achat');
INSERT INTO "auth_permission" VALUES(55,14,'delete_achat','Can delete achat');
INSERT INTO "auth_permission" VALUES(56,14,'view_achat','Can view achat');
INSERT INTO "auth_permission" VALUES(57,15,'add_paymentachat','Can add payment achat');
INSERT INTO "auth_permission" VALUES(58,15,'change_paymentachat','Can change payment achat');
INSERT INTO "auth_permission" VALUES(59,15,'delete_paymentachat','Can delete payment achat');
INSERT INTO "auth_permission" VALUES(60,15,'view_paymentachat','Can view payment achat');
INSERT INTO "auth_permission" VALUES(61,16,'add_paymentvente','Can add payment vente');
INSERT INTO "auth_permission" VALUES(62,16,'change_paymentvente','Can change payment vente');
INSERT INTO "auth_permission" VALUES(63,16,'delete_paymentvente','Can delete payment vente');
INSERT INTO "auth_permission" VALUES(64,16,'view_paymentvente','Can view payment vente');
INSERT INTO "auth_permission" VALUES(65,17,'add_ventem','Can add vente m');
INSERT INTO "auth_permission" VALUES(66,17,'change_ventem','Can change vente m');
INSERT INTO "auth_permission" VALUES(67,17,'delete_ventem','Can delete vente m');
INSERT INTO "auth_permission" VALUES(68,17,'view_ventem','Can view vente m');
INSERT INTO "auth_permission" VALUES(69,18,'add_ventep','Can add vente p');
INSERT INTO "auth_permission" VALUES(70,18,'change_ventep','Can change vente p');
INSERT INTO "auth_permission" VALUES(71,18,'delete_ventep','Can delete vente p');
INSERT INTO "auth_permission" VALUES(72,18,'view_ventep','Can view vente p');
INSERT INTO "auth_permission" VALUES(73,19,'add_transfert','Can add transfert');
INSERT INTO "auth_permission" VALUES(74,19,'change_transfert','Can change transfert');
INSERT INTO "auth_permission" VALUES(75,19,'delete_transfert','Can delete transfert');
INSERT INTO "auth_permission" VALUES(76,19,'view_transfert','Can view transfert');
INSERT INTO "auth_permission" VALUES(77,20,'add_ingridiant','Can add ingridiant');
INSERT INTO "auth_permission" VALUES(78,20,'change_ingridiant','Can change ingridiant');
INSERT INTO "auth_permission" VALUES(79,20,'delete_ingridiant','Can delete ingridiant');
INSERT INTO "auth_permission" VALUES(80,20,'view_ingridiant','Can view ingridiant');
INSERT INTO "auth_permission" VALUES(81,21,'add_absent','Can add absent');
INSERT INTO "auth_permission" VALUES(82,21,'change_absent','Can change absent');
INSERT INTO "auth_permission" VALUES(83,21,'delete_absent','Can delete absent');
INSERT INTO "auth_permission" VALUES(84,21,'view_absent','Can view absent');
INSERT INTO "auth_permission" VALUES(85,22,'add_djangojob','Can add django job');
INSERT INTO "auth_permission" VALUES(86,22,'change_djangojob','Can change django job');
INSERT INTO "auth_permission" VALUES(87,22,'delete_djangojob','Can delete django job');
INSERT INTO "auth_permission" VALUES(88,22,'view_djangojob','Can view django job');
INSERT INTO "auth_permission" VALUES(89,23,'add_djangojobexecution','Can add django job execution');
INSERT INTO "auth_permission" VALUES(90,23,'change_djangojobexecution','Can change django job execution');
INSERT INTO "auth_permission" VALUES(91,23,'delete_djangojobexecution','Can delete django job execution');
INSERT INTO "auth_permission" VALUES(92,23,'view_djangojobexecution','Can view django job execution');
CREATE UNIQUE INDEX "app_absent_employe_id_date_abcence_5a9119a1_uniq" ON "app_absent" ("employe_id", "date_abcence");
CREATE INDEX IF NOT EXISTS "app_absent_employe_id_99ff3a28" ON "app_absent" ("employe_id");
CREATE UNIQUE INDEX "app_achat_fournisseur_id_matiere_achete_id_buyed_at_3b0e72b5_uniq" ON "app_achat" ("fournisseur_id", "matiere_achete_id", "buyed_at");
CREATE INDEX IF NOT EXISTS "app_achat_fournisseur_id_df1b44e7" ON "app_achat" ("fournisseur_id");
CREATE INDEX IF NOT EXISTS "app_achat_matiere_achete_id_7b00d22e" ON "app_achat" ("matiere_achete_id");
CREATE INDEX IF NOT EXISTS "app_employe_EmployeCentre_id_2b2d46a0" ON "app_employe" ("EmployeCentre_id");
CREATE UNIQUE INDEX "app_ingridiant_produit_id_matiere_id_0f3663d3_uniq" ON "app_ingridiant" ("produit_id", "matiere_id");
CREATE INDEX IF NOT EXISTS "app_ingridiant_matiere_id_5f5a9080" ON "app_ingridiant" ("matiere_id");
CREATE INDEX IF NOT EXISTS "app_ingridiant_produit_id_45775460" ON "app_ingridiant" ("produit_id");
CREATE UNIQUE INDEX "app_massrouf_employe_id_demende_at_1412f299_uniq" ON "app_massrouf" ("employe_id", "demende_at");
CREATE INDEX IF NOT EXISTS "app_massrouf_employe_id_4d109e96" ON "app_massrouf" ("employe_id");
CREATE UNIQUE INDEX "app_paymentachat_fournisseur_id_pay_at_23686ffc_uniq" ON "app_paymentachat" ("fournisseur_id", "pay_at");
CREATE INDEX IF NOT EXISTS "app_paymentachat_fournisseur_id_79adb214" ON "app_paymentachat" ("fournisseur_id");
CREATE UNIQUE INDEX "app_paymentvente_client_id_pay_at_a628ceef_uniq" ON "app_paymentvente" ("client_id", "pay_at");
CREATE INDEX IF NOT EXISTS "app_paymentvente_client_id_c52815a0" ON "app_paymentvente" ("client_id");
CREATE UNIQUE INDEX "app_transfert_centre_id_produit_transfere_id_transfer_at_67b8afe0_uniq" ON "app_transfert" ("centre_id", "produit_transfere_id", "transfer_at");
CREATE INDEX IF NOT EXISTS "app_transfert_centre_id_f6c76dd0" ON "app_transfert" ("centre_id");
CREATE INDEX IF NOT EXISTS "app_transfert_produit_transfere_id_9bf43697" ON "app_transfert" ("produit_transfere_id");
CREATE UNIQUE INDEX "app_ventem_client_id_matiere_vendus_id_salled_at_638423cd_uniq" ON "app_ventem" ("client_id", "matiere_vendus_id", "salled_at");
CREATE INDEX IF NOT EXISTS "app_ventem_client_id_aec2496a" ON "app_ventem" ("client_id");
CREATE INDEX IF NOT EXISTS "app_ventem_matiere_vendus_id_50ab3035" ON "app_ventem" ("matiere_vendus_id");
CREATE INDEX IF NOT EXISTS "app_ventep_client_id_88d20d9a" ON "app_ventep" ("client_id");
CREATE INDEX IF NOT EXISTS "app_ventep_produit_vendus_id_13d61abc" ON "app_ventep" ("produit_vendus_id");
CREATE INDEX IF NOT EXISTS "app_ventep_lieu_ventes_id_df768cfb" ON "app_ventep" ("lieu_ventes_id");
CREATE UNIQUE INDEX "app_ventep_client_id_produit_vendus_id_salled_at_lieu_ventes_id_b4561e77_uniq" ON "app_ventep" ("client_id", "produit_vendus_id", "salled_at", "lieu_ventes_id");
CREATE UNIQUE INDEX "auth_group_permissions_group_id_permission_id_0cd325b0_uniq" ON "auth_group_permissions" ("group_id", "permission_id");
CREATE INDEX IF NOT EXISTS "auth_group_permissions_group_id_b120cbf9" ON "auth_group_permissions" ("group_id");
CREATE INDEX IF NOT EXISTS "auth_group_permissions_permission_id_84c5c92e" ON "auth_group_permissions" ("permission_id");
CREATE UNIQUE INDEX "auth_permission_content_type_id_codename_01ab375a_uniq" ON "auth_permission" ("content_type_id", "codename");
CREATE INDEX IF NOT EXISTS "auth_permission_content_type_id_2f476e4b" ON "auth_permission" ("content_type_id");
CREATE UNIQUE INDEX "auth_user_groups_user_id_group_id_94350c0c_uniq" ON "auth_user_groups" ("user_id", "group_id");
CREATE INDEX IF NOT EXISTS "auth_user_groups_user_id_6a12ed8b" ON "auth_user_groups" ("user_id");
CREATE INDEX IF NOT EXISTS "auth_user_groups_group_id_97559544" ON "auth_user_groups" ("group_id");
CREATE UNIQUE INDEX "auth_user_user_permissions_user_id_permission_id_14a6b632_uniq" ON "auth_user_user_permissions" ("user_id", "permission_id");
CREATE INDEX IF NOT EXISTS "auth_user_user_permissions_user_id_a95ead1b" ON "auth_user_user_permissions" ("user_id");
CREATE INDEX IF NOT EXISTS "auth_user_user_permissions_permission_id_1fbb5f2c" ON "auth_user_user_permissions" ("permission_id");
CREATE INDEX IF NOT EXISTS "django_admin_log_content_type_id_c4bce8eb" ON "django_admin_log" ("content_type_id");
CREATE INDEX IF NOT EXISTS "django_admin_log_user_id_c564eba6" ON "django_admin_log" ("user_id");
CREATE UNIQUE INDEX "django_content_type_app_label_model_76bd3d3b_uniq" ON "django_content_type" ("app_label", "model");
CREATE INDEX IF NOT EXISTS "django_session_expire_date_a5c62663" ON "django_session" ("expire_date");
CREATE INDEX IF NOT EXISTS "django_apscheduler_djangojob_next_run_time_2f022619" ON "django_apscheduler_djangojob" ("next_run_time");
CREATE INDEX IF NOT EXISTS "django_apscheduler_djangojobexecution_run_time_16edd96b" ON "django_apscheduler_djangojobexecution" ("run_time");
CREATE INDEX IF NOT EXISTS "django_apscheduler_djangojobexecution_job_id_daf5090a" ON "django_apscheduler_djangojobexecution" ("job_id");
CREATE TABLE IF NOT EXISTS "auth_user" ("id" integer NOT NULL PRIMARY KEY AUTOINCREMENT, "password" varchar(128) NOT NULL, "last_login" datetime NULL, "is_superuser" bool NOT NULL, "username" varchar(150) NOT NULL UNIQUE, "last_name" varchar(150) NOT NULL, "email" varchar(254) NOT NULL, "is_staff" bool NOT NULL, "is_active" bool NOT NULL, "date_joined" datetime NOT NULL, "first_name" varchar(150) NOT NULL);
INSERT INTO "auth_user" VALUES(1,'pbkdf2_sha256$720000$H4zqBHuVr5GBVeYCZiUEWV$3nLSJeeHuenPy0rIFM0YtDzb6F8u1Gg3EpPWmfX06Fw=','2024-01-25 12:21:20.638078',1,'admin','','admin@exemple.com',1,1,'2024-01-23 19:30:38.406632','');
INSERT INTO "auth_user" VALUES(5,'pbkdf2_sha256$720000$dx5OYYsdiITDSOuaydpwaB$jgcgIie/+s3stgzYqmSMRSfoWvs466krAErOcNnvO8E=','2024-07-17 10:19:27.720850',0,'douaa','','douaaboutehra19@gmail.com',0,1,'2024-01-25 11:29:09.542706','');
CREATE UNIQUE INDEX "app_absent_employe_id_date_abcence_5a9119a1_uniq" ON "app_absent" ("employe_id", "date_abcence");
CREATE INDEX IF NOT EXISTS "app_absent_employe_id_99ff3a28" ON "app_absent" ("employe_id");
CREATE UNIQUE INDEX "app_achat_fournisseur_id_matiere_achete_id_buyed_at_3b0e72b5_uniq" ON "app_achat" ("fournisseur_id", "matiere_achete_id", "buyed_at");
CREATE INDEX IF NOT EXISTS "app_achat_fournisseur_id_df1b44e7" ON "app_achat" ("fournisseur_id");
CREATE INDEX IF NOT EXISTS "app_achat_matiere_achete_id_7b00d22e" ON "app_achat" ("matiere_achete_id");
CREATE INDEX IF NOT EXISTS "app_employe_EmployeCentre_id_2b2d46a0" ON "app_employe" ("EmployeCentre_id");
CREATE UNIQUE INDEX "app_ingridiant_produit_id_matiere_id_0f3663d3_uniq" ON "app_ingridiant" ("produit_id", "matiere_id");
CREATE INDEX IF NOT EXISTS "app_ingridiant_matiere_id_5f5a9080" ON "app_ingridiant" ("matiere_id");
CREATE INDEX IF NOT EXISTS "app_ingridiant_produit_id_45775460" ON "app_ingridiant" ("produit_id");
CREATE UNIQUE INDEX "app_massrouf_employe_id_demende_at_1412f299_uniq" ON "app_massrouf" ("employe_id", "demende_at");
CREATE INDEX IF NOT EXISTS "app_massrouf_employe_id_4d109e96" ON "app_massrouf" ("employe_id");
CREATE UNIQUE INDEX "app_paymentachat_fournisseur_id_pay_at_23686ffc_uniq" ON "app_paymentachat" ("fournisseur_id", "pay_at");
CREATE INDEX IF NOT EXISTS "app_paymentachat_fournisseur_id_79adb214" ON "app_paymentachat" ("fournisseur_id");
CREATE UNIQUE INDEX "app_paymentvente_client_id_pay_at_a628ceef_uniq" ON "app_paymentvente" ("client_id", "pay_at");
CREATE INDEX IF NOT EXISTS "app_paymentvente_client_id_c52815a0" ON "app_paymentvente" ("client_id");
CREATE UNIQUE INDEX "app_transfert_centre_id_produit_transfere_id_transfer_at_67b8afe0_uniq" ON "app_transfert" ("centre_id", "produit_transfere_id", "transfer_at");
CREATE INDEX IF NOT EXISTS "app_transfert_centre_id_f6c76dd0" ON "app_transfert" ("centre_id");
CREATE INDEX IF NOT EXISTS "app_transfert_produit_transfere_id_9bf43697" ON "app_transfert" ("produit_transfere_id");
CREATE UNIQUE INDEX "app_ventem_client_id_matiere_vendus_id_salled_at_638423cd_uniq" ON "app_ventem" ("client_id", "matiere_vendus_id", "salled_at");
CREATE INDEX IF NOT EXISTS "app_ventem_client_id_aec2496a" ON "app_ventem" ("client_id");
CREATE INDEX IF NOT EXISTS "app_ventem_matiere_vendus_id_50ab3035" ON "app_ventem" ("matiere_vendus_id");
CREATE INDEX IF NOT EXISTS "app_ventep_client_id_88d20d9a" ON "app_ventep" ("client_id");
CREATE INDEX IF NOT EXISTS "app_ventep_produit_vendus_id_13d61abc" ON "app_ventep" ("produit_vendus_id");
CREATE INDEX IF NOT EXISTS "app_ventep_lieu_ventes_id_df768cfb" ON "app_ventep" ("lieu_ventes_id");
CREATE UNIQUE INDEX "app_ventep_client_id_produit_vendus_id_salled_at_lieu_ventes_id_b4561e77_uniq" ON "app_ventep" ("client_id", "produit_vendus_id", "salled_at", "lieu_ventes_id");
CREATE UNIQUE INDEX "auth_group_permissions_group_id_permission_id_0cd325b0_uniq" ON "auth_group_permissions" ("group_id", "permission_id");
CREATE INDEX IF NOT EXISTS "auth_group_permissions_group_id_b120cbf9" ON "auth_group_permissions" ("group_id");
CREATE INDEX IF NOT EXISTS "auth_group_permissions_permission_id_84c5c92e" ON "auth_group_permissions" ("permission_id");
CREATE UNIQUE INDEX "auth_permission_content_type_id_codename_01ab375a_uniq" ON "auth_permission" ("content_type_id", "codename");
CREATE INDEX IF NOT EXISTS "auth_permission_content_type_id_2f476e4b" ON "auth_permission" ("content_type_id");
CREATE UNIQUE INDEX "auth_user_groups_user_id_group_id_94350c0c_uniq" ON "auth_user_groups" ("user_id", "group_id");
CREATE INDEX IF NOT EXISTS "auth_user_groups_user_id_6a12ed8b" ON "auth_user_groups" ("user_id");
CREATE INDEX IF NOT EXISTS "auth_user_groups_group_id_97559544" ON "auth_user_groups" ("group_id");
CREATE UNIQUE INDEX "auth_user_user_permissions_user_id_permission_id_14a6b632_uniq" ON "auth_user_user_permissions" ("user_id", "permission_id");
CREATE INDEX IF NOT EXISTS "auth_user_user_permissions_user_id_a95ead1b" ON "auth_user_user_permissions" ("user_id");
CREATE INDEX IF NOT EXISTS "auth_user_user_permissions_permission_id_1fbb5f2c" ON "auth_user_user_permissions" ("permission_id");
CREATE INDEX IF NOT EXISTS "django_admin_log_content_type_id_c4bce8eb" ON "django_admin_log" ("content_type_id");
CREATE INDEX IF NOT EXISTS "django_admin_log_user_id_c564eba6" ON "django_admin_log" ("user_id");
CREATE UNIQUE INDEX "django_content_type_app_label_model_76bd3d3b_uniq" ON "django_content_type" ("app_label", "model");
CREATE INDEX IF NOT EXISTS "django_session_expire_date_a5c62663" ON "django_session" ("expire_date");
CREATE INDEX IF NOT EXISTS "django_apscheduler_djangojob_next_run_time_2f022619" ON "django_apscheduler_djangojob" ("next_run_time");
CREATE INDEX IF NOT EXISTS "django_apscheduler_djangojobexecution_run_time_16edd96b" ON "django_apscheduler_djangojobexecution" ("run_time");
CREATE INDEX IF NOT EXISTS "django_apscheduler_djangojobexecution_job_id_daf5090a" ON "django_apscheduler_djangojobexecution" ("job_id");
CREATE TABLE IF NOT EXISTS "auth_user_groups" ("id" integer NOT NULL PRIMARY KEY AUTOINCREMENT, "user_id" integer NOT NULL REFERENCES "auth_user" ("id") DEFERRABLE INITIALLY DEFERRED, "group_id" integer NOT NULL REFERENCES "auth_group" ("id") DEFERRABLE INITIALLY DEFERRED);
CREATE UNIQUE INDEX "app_absent_employe_id_date_abcence_5a9119a1_uniq" ON "app_absent" ("employe_id", "date_abcence");
CREATE INDEX IF NOT EXISTS "app_absent_employe_id_99ff3a28" ON "app_absent" ("employe_id");
CREATE UNIQUE INDEX "app_achat_fournisseur_id_matiere_achete_id_buyed_at_3b0e72b5_uniq" ON "app_achat" ("fournisseur_id", "matiere_achete_id", "buyed_at");
CREATE INDEX IF NOT EXISTS "app_achat_fournisseur_id_df1b44e7" ON "app_achat" ("fournisseur_id");
CREATE INDEX IF NOT EXISTS "app_achat_matiere_achete_id_7b00d22e" ON "app_achat" ("matiere_achete_id");
CREATE INDEX IF NOT EXISTS "app_employe_EmployeCentre_id_2b2d46a0" ON "app_employe" ("EmployeCentre_id");
CREATE UNIQUE INDEX "app_ingridiant_produit_id_matiere_id_0f3663d3_uniq" ON "app_ingridiant" ("produit_id", "matiere_id");
CREATE INDEX IF NOT EXISTS "app_ingridiant_matiere_id_5f5a9080" ON "app_ingridiant" ("matiere_id");
CREATE INDEX IF NOT EXISTS "app_ingridiant_produit_id_45775460" ON "app_ingridiant" ("produit_id");
CREATE UNIQUE INDEX "app_massrouf_employe_id_demende_at_1412f299_uniq" ON "app_massrouf" ("employe_id", "demende_at");
CREATE INDEX IF NOT EXISTS "app_massrouf_employe_id_4d109e96" ON "app_massrouf" ("employe_id");
CREATE UNIQUE INDEX "app_paymentachat_fournisseur_id_pay_at_23686ffc_uniq" ON "app_paymentachat" ("fournisseur_id", "pay_at");
CREATE INDEX IF NOT EXISTS "app_paymentachat_fournisseur_id_79adb214" ON "app_paymentachat" ("fournisseur_id");
CREATE UNIQUE INDEX "app_paymentvente_client_id_pay_at_a628ceef_uniq" ON "app_paymentvente" ("client_id", "pay_at");
CREATE INDEX IF NOT EXISTS "app_paymentvente_client_id_c52815a0" ON "app_paymentvente" ("client_id");
CREATE UNIQUE INDEX "app_transfert_centre_id_produit_transfere_id_transfer_at_67b8afe0_uniq" ON "app_transfert" ("centre_id", "produit_transfere_id", "transfer_at");
CREATE INDEX IF NOT EXISTS "app_transfert_centre_id_f6c76dd0" ON "app_transfert" ("centre_id");
CREATE INDEX IF NOT EXISTS "app_transfert_produit_transfere_id_9bf43697" ON "app_transfert" ("produit_transfere_id");
CREATE UNIQUE INDEX "app_ventem_client_id_matiere_vendus_id_salled_at_638423cd_uniq" ON "app_ventem" ("client_id", "matiere_vendus_id", "salled_at");
CREATE INDEX IF NOT EXISTS "app_ventem_client_id_aec2496a" ON "app_ventem" ("client_id");
CREATE INDEX IF NOT EXISTS "app_ventem_matiere_vendus_id_50ab3035" ON "app_ventem" ("matiere_vendus_id");
CREATE INDEX IF NOT EXISTS "app_ventep_client_id_88d20d9a" ON "app_ventep" ("client_id");
CREATE INDEX IF NOT EXISTS "app_ventep_produit_vendus_id_13d61abc" ON "app_ventep" ("produit_vendus_id");
CREATE INDEX IF NOT EXISTS "app_ventep_lieu_ventes_id_df768cfb" ON "app_ventep" ("lieu_ventes_id");
CREATE UNIQUE INDEX "app_ventep_client_id_produit_vendus_id_salled_at_lieu_ventes_id_b4561e77_uniq" ON "app_ventep" ("client_id", "produit_vendus_id", "salled_at", "lieu_ventes_id");
CREATE UNIQUE INDEX "auth_group_permissions_group_id_permission_id_0cd325b0_uniq" ON "auth_group_permissions" ("group_id", "permission_id");
CREATE INDEX IF NOT EXISTS "auth_group_permissions_group_id_b120cbf9" ON "auth_group_permissions" ("group_id");
CREATE INDEX IF NOT EXISTS "auth_group_permissions_permission_id_84c5c92e" ON "auth_group_permissions" ("permission_id");
CREATE UNIQUE INDEX "auth_permission_content_type_id_codename_01ab375a_uniq" ON "auth_permission" ("content_type_id", "codename");
CREATE INDEX IF NOT EXISTS "auth_permission_content_type_id_2f476e4b" ON "auth_permission" ("content_type_id");
CREATE UNIQUE INDEX "auth_user_groups_user_id_group_id_94350c0c_uniq" ON "auth_user_groups" ("user_id", "group_id");
CREATE INDEX IF NOT EXISTS "auth_user_groups_user_id_6a12ed8b" ON "auth_user_groups" ("user_id");
CREATE INDEX IF NOT EXISTS "auth_user_groups_group_id_97559544" ON "auth_user_groups" ("group_id");
CREATE UNIQUE INDEX "auth_user_user_permissions_user_id_permission_id_14a6b632_uniq" ON "auth_user_user_permissions" ("user_id", "permission_id");
CREATE INDEX IF NOT EXISTS "auth_user_user_permissions_user_id_a95ead1b" ON "auth_user_user_permissions" ("user_id");
CREATE INDEX IF NOT EXISTS "auth_user_user_permissions_permission_id_1fbb5f2c" ON "auth_user_user_permissions" ("permission_id");
CREATE INDEX IF NOT EXISTS "django_admin_log_content_type_id_c4bce8eb" ON "django_admin_log" ("content_type_id");
CREATE INDEX IF NOT EXISTS "django_admin_log_user_id_c564eba6" ON "django_admin_log" ("user_id");
CREATE UNIQUE INDEX "django_content_type_app_label_model_76bd3d3b_uniq" ON "django_content_type" ("app_label", "model");
CREATE INDEX IF NOT EXISTS "django_session_expire_date_a5c62663" ON "django_session" ("expire_date");
CREATE INDEX IF NOT EXISTS "django_apscheduler_djangojob_next_run_time_2f022619" ON "django_apscheduler_djangojob" ("next_run_time");
CREATE INDEX IF NOT EXISTS "django_apscheduler_djangojobexecution_run_time_16edd96b" ON "django_apscheduler_djangojobexecution" ("run_time");
CREATE INDEX IF NOT EXISTS "django_apscheduler_djangojobexecution_job_id_daf5090a" ON "django_apscheduler_djangojobexecution" ("job_id");
CREATE TABLE IF NOT EXISTS "auth_user_user_permissions" ("id" integer NOT NULL PRIMARY KEY AUTOINCREMENT, "user_id" integer NOT NULL REFERENCES "auth_user" ("id") DEFERRABLE INITIALLY DEFERRED, "permission_id" integer NOT NULL REFERENCES "auth_permission" ("id") DEFERRABLE INITIALLY DEFERRED);
CREATE UNIQUE INDEX "app_absent_employe_id_date_abcence_5a9119a1_uniq" ON "app_absent" ("employe_id", "date_abcence");
CREATE INDEX IF NOT EXISTS "app_absent_employe_id_99ff3a28" ON "app_absent" ("employe_id");
CREATE UNIQUE INDEX "app_achat_fournisseur_id_matiere_achete_id_buyed_at_3b0e72b5_uniq" ON "app_achat" ("fournisseur_id", "matiere_achete_id", "buyed_at");
CREATE INDEX IF NOT EXISTS "app_achat_fournisseur_id_df1b44e7" ON "app_achat" ("fournisseur_id");
CREATE INDEX IF NOT EXISTS "app_achat_matiere_achete_id_7b00d22e" ON "app_achat" ("matiere_achete_id");
CREATE INDEX IF NOT EXISTS "app_employe_EmployeCentre_id_2b2d46a0" ON "app_employe" ("EmployeCentre_id");
CREATE UNIQUE INDEX "app_ingridiant_produit_id_matiere_id_0f3663d3_uniq" ON "app_ingridiant" ("produit_id", "matiere_id");
CREATE INDEX IF NOT EXISTS "app_ingridiant_matiere_id_5f5a9080" ON "app_ingridiant" ("matiere_id");
CREATE INDEX IF NOT EXISTS "app_ingridiant_produit_id_45775460" ON "app_ingridiant" ("produit_id");
CREATE UNIQUE INDEX "app_massrouf_employe_id_demende_at_1412f299_uniq" ON "app_massrouf" ("employe_id", "demende_at");
CREATE INDEX IF NOT EXISTS "app_massrouf_employe_id_4d109e96" ON "app_massrouf" ("employe_id");
CREATE UNIQUE INDEX "app_paymentachat_fournisseur_id_pay_at_23686ffc_uniq" ON "app_paymentachat" ("fournisseur_id", "pay_at");
CREATE INDEX IF NOT EXISTS "app_paymentachat_fournisseur_id_79adb214" ON "app_paymentachat" ("fournisseur_id");
CREATE UNIQUE INDEX "app_paymentvente_client_id_pay_at_a628ceef_uniq" ON "app_paymentvente" ("client_id", "pay_at");
CREATE INDEX IF NOT EXISTS "app_paymentvente_client_id_c52815a0" ON "app_paymentvente" ("client_id");
CREATE UNIQUE INDEX "app_transfert_centre_id_produit_transfere_id_transfer_at_67b8afe0_uniq" ON "app_transfert" ("centre_id", "produit_transfere_id", "transfer_at");
CREATE INDEX IF NOT EXISTS "app_transfert_centre_id_f6c76dd0" ON "app_transfert" ("centre_id");
CREATE INDEX IF NOT EXISTS "app_transfert_produit_transfere_id_9bf43697" ON "app_transfert" ("produit_transfere_id");
CREATE UNIQUE INDEX "app_ventem_client_id_matiere_vendus_id_salled_at_638423cd_uniq" ON "app_ventem" ("client_id", "matiere_vendus_id", "salled_at");
CREATE INDEX IF NOT EXISTS "app_ventem_client_id_aec2496a" ON "app_ventem" ("client_id");
CREATE INDEX IF NOT EXISTS "app_ventem_matiere_vendus_id_50ab3035" ON "app_ventem" ("matiere_vendus_id");
CREATE INDEX IF NOT EXISTS "app_ventep_client_id_88d20d9a" ON "app_ventep" ("client_id");
CREATE INDEX IF NOT EXISTS "app_ventep_produit_vendus_id_13d61abc" ON "app_ventep" ("produit_vendus_id");
CREATE INDEX IF NOT EXISTS "app_ventep_lieu_ventes_id_df768cfb" ON "app_ventep" ("lieu_ventes_id");
CREATE UNIQUE INDEX "app_ventep_client_id_produit_vendus_id_salled_at_lieu_ventes_id_b4561e77_uniq" ON "app_ventep" ("client_id", "produit_vendus_id", "salled_at", "lieu_ventes_id");
CREATE UNIQUE INDEX "auth_group_permissions_group_id_permission_id_0cd325b0_uniq" ON "auth_group_permissions" ("group_id", "permission_id");
CREATE INDEX IF NOT EXISTS "auth_group_permissions_group_id_b120cbf9" ON "auth_group_permissions" ("group_id");
CREATE INDEX IF NOT EXISTS "auth_group_permissions_permission_id_84c5c92e" ON "auth_group_permissions" ("permission_id");
CREATE UNIQUE INDEX "auth_permission_content_type_id_codename_01ab375a_uniq" ON "auth_permission" ("content_type_id", "codename");
CREATE INDEX IF NOT EXISTS "auth_permission_content_type_id_2f476e4b" ON "auth_permission" ("content_type_id");
CREATE UNIQUE INDEX "auth_user_groups_user_id_group_id_94350c0c_uniq" ON "auth_user_groups" ("user_id", "group_id");
CREATE INDEX IF NOT EXISTS "auth_user_groups_user_id_6a12ed8b" ON "auth_user_groups" ("user_id");
CREATE INDEX IF NOT EXISTS "auth_user_groups_group_id_97559544" ON "auth_user_groups" ("group_id");
CREATE UNIQUE INDEX "auth_user_user_permissions_user_id_permission_id_14a6b632_uniq" ON "auth_user_user_permissions" ("user_id", "permission_id");
CREATE INDEX IF NOT EXISTS "auth_user_user_permissions_user_id_a95ead1b" ON "auth_user_user_permissions" ("user_id");
CREATE INDEX IF NOT EXISTS "auth_user_user_permissions_permission_id_1fbb5f2c" ON "auth_user_user_permissions" ("permission_id");
CREATE INDEX IF NOT EXISTS "django_admin_log_content_type_id_c4bce8eb" ON "django_admin_log" ("content_type_id");
CREATE INDEX IF NOT EXISTS "django_admin_log_user_id_c564eba6" ON "django_admin_log" ("user_id");
CREATE UNIQUE INDEX "django_content_type_app_label_model_76bd3d3b_uniq" ON "django_content_type" ("app_label", "model");
CREATE INDEX IF NOT EXISTS "django_session_expire_date_a5c62663" ON "django_session" ("expire_date");
CREATE INDEX IF NOT EXISTS "django_apscheduler_djangojob_next_run_time_2f022619" ON "django_apscheduler_djangojob" ("next_run_time");
CREATE INDEX IF NOT EXISTS "django_apscheduler_djangojobexecution_run_time_16edd96b" ON "django_apscheduler_djangojobexecution" ("run_time");
CREATE INDEX IF NOT EXISTS "django_apscheduler_djangojobexecution_job_id_daf5090a" ON "django_apscheduler_djangojobexecution" ("job_id");
CREATE TABLE IF NOT EXISTS "django_admin_log" ("id" integer NOT NULL PRIMARY KEY AUTOINCREMENT, "object_id" text NULL, "object_repr" varchar(200) NOT NULL, "action_flag" smallint unsigned NOT NULL CHECK ("action_flag" >= 0), "change_message" text NOT NULL, "content_type_id" integer NULL REFERENCES "django_content_type" ("id") DEFERRABLE INITIALLY DEFERRED, "user_id" integer NOT NULL REFERENCES "auth_user" ("id") DEFERRABLE INITIALLY DEFERRED, "action_time" datetime NOT NULL);
INSERT INTO "django_admin_log" VALUES(1,'1','c1',1,'[{"added": {}}]',7,1,'2024-01-23 19:53:48.691637');
INSERT INTO "django_admin_log" VALUES(2,'2','c2',1,'[{"added": {}}]',7,1,'2024-01-23 19:53:56.729369');
INSERT INTO "django_admin_log" VALUES(3,'3','c3',1,'[{"added": {}}]',7,1,'2024-01-23 19:54:03.416474');
INSERT INTO "django_admin_log" VALUES(4,'1','15190',2,'[{"changed": {"fields": ["AdresseEmp", "EmployeCentre"]}}]',12,1,'2024-01-23 23:25:40.343144');
INSERT INTO "django_admin_log" VALUES(5,'15','76174',2,'[{"changed": {"fields": ["AdresseEmp", "TelephoneEmp", "EmployeCentre"]}}]',12,1,'2024-01-23 23:26:03.252536');
INSERT INTO "django_admin_log" VALUES(6,'14','99470',2,'[{"changed": {"fields": ["AdresseEmp", "TelephoneEmp", "EmployeCentre"]}}]',12,1,'2024-01-23 23:26:16.760149');
INSERT INTO "django_admin_log" VALUES(7,'16','emp030',3,'',12,1,'2024-01-23 23:26:26.585872');
INSERT INTO "django_admin_log" VALUES(8,'15','76174',3,'',12,1,'2024-01-23 23:26:26.603465');
INSERT INTO "django_admin_log" VALUES(9,'14','99470',3,'',12,1,'2024-01-23 23:26:26.626181');
INSERT INTO "django_admin_log" VALUES(10,'13','22473',3,'',12,1,'2024-01-23 23:26:26.643140');
INSERT INTO "django_admin_log" VALUES(11,'12','23641',3,'',12,1,'2024-01-23 23:26:26.663763');
INSERT INTO "django_admin_log" VALUES(12,'11','12034',3,'',12,1,'2024-01-23 23:26:26.679333');
INSERT INTO "django_admin_log" VALUES(13,'10','44904',3,'',12,1,'2024-01-23 23:26:26.695651');
INSERT INTO "django_admin_log" VALUES(14,'9','33444',3,'',12,1,'2024-01-23 23:26:26.711937');
INSERT INTO "django_admin_log" VALUES(15,'8','95871',3,'',12,1,'2024-01-23 23:26:26.727823');
INSERT INTO "django_admin_log" VALUES(16,'7','3176',3,'',12,1,'2024-01-23 23:26:26.744171');
INSERT INTO "django_admin_log" VALUES(17,'6','41165',3,'',12,1,'2024-01-23 23:26:26.761539');
INSERT INTO "django_admin_log" VALUES(18,'5','68841',3,'',12,1,'2024-01-23 23:26:26.776062');
INSERT INTO "django_admin_log" VALUES(19,'4','80307',3,'',12,1,'2024-01-23 23:26:26.798519');
INSERT INTO "django_admin_log" VALUES(20,'3','94626',3,'',12,1,'2024-01-23 23:26:26.813316');
INSERT INTO "django_admin_log" VALUES(21,'2','95674',3,'',12,1,'2024-01-23 23:26:26.828742');
INSERT INTO "django_admin_log" VALUES(22,'1','15190',3,'',12,1,'2024-01-23 23:26:26.844629');
INSERT INTO "django_admin_log" VALUES(23,'17','emp02',1,'[{"added": {}}]',12,1,'2024-01-23 23:26:41.281449');
INSERT INTO "django_admin_log" VALUES(24,'18','emp020',1,'[{"added": {}}]',12,1,'2024-01-23 23:26:57.323205');
INSERT INTO "django_admin_log" VALUES(25,'19','emp0200',1,'[{"added": {}}]',12,1,'2024-01-23 23:27:36.349375');
INSERT INTO "django_admin_log" VALUES(26,'2','berrais',3,'',4,1,'2024-01-25 11:19:03.855126');
INSERT INTO "django_admin_log" VALUES(27,'3','douaaboutehra',3,'',4,1,'2024-01-25 11:19:03.872838');
INSERT INTO "django_admin_log" VALUES(28,'4','douaa',3,'',4,1,'2024-01-25 11:28:43.347596');
INSERT INTO "django_admin_log" VALUES(29,'19','emp0200',2,'[{"changed": {"fields": ["Active"]}}]',12,1,'2024-01-25 11:47:48.422928');
INSERT INTO "django_admin_log" VALUES(30,'18','emp020',2,'[{"changed": {"fields": ["Active"]}}]',12,1,'2024-01-25 11:47:53.000820');
INSERT INTO "django_admin_log" VALUES(31,'18','emp020',2,'[]',12,1,'2024-01-25 11:47:55.967666');
INSERT INTO "django_admin_log" VALUES(32,'17','emp02',2,'[{"changed": {"fields": ["Active"]}}]',12,1,'2024-01-25 11:47:59.424331');
INSERT INTO "django_admin_log" VALUES(33,'1','Ingridiant object (1)',1,'[{"added": {}}]',20,1,'2024-01-25 12:02:47.746723');
INSERT INTO "django_admin_log" VALUES(34,'2','Ingridiant object (2)',1,'[{"added": {}}]',20,1,'2024-01-25 12:02:55.702502');
CREATE UNIQUE INDEX "app_absent_employe_id_date_abcence_5a9119a1_uniq" ON "app_absent" ("employe_id", "date_abcence");
CREATE INDEX IF NOT EXISTS "app_absent_employe_id_99ff3a28" ON "app_absent" ("employe_id");
CREATE UNIQUE INDEX "app_achat_fournisseur_id_matiere_achete_id_buyed_at_3b0e72b5_uniq" ON "app_achat" ("fournisseur_id", "matiere_achete_id", "buyed_at");
CREATE INDEX IF NOT EXISTS "app_achat_fournisseur_id_df1b44e7" ON "app_achat" ("fournisseur_id");
CREATE INDEX IF NOT EXISTS "app_achat_matiere_achete_id_7b00d22e" ON "app_achat" ("matiere_achete_id");
CREATE INDEX IF NOT EXISTS "app_employe_EmployeCentre_id_2b2d46a0" ON "app_employe" ("EmployeCentre_id");
CREATE UNIQUE INDEX "app_ingridiant_produit_id_matiere_id_0f3663d3_uniq" ON "app_ingridiant" ("produit_id", "matiere_id");
CREATE INDEX IF NOT EXISTS "app_ingridiant_matiere_id_5f5a9080" ON "app_ingridiant" ("matiere_id");
CREATE INDEX IF NOT EXISTS "app_ingridiant_produit_id_45775460" ON "app_ingridiant" ("produit_id");
CREATE UNIQUE INDEX "app_massrouf_employe_id_demende_at_1412f299_uniq" ON "app_massrouf" ("employe_id", "demende_at");
CREATE INDEX IF NOT EXISTS "app_massrouf_employe_id_4d109e96" ON "app_massrouf" ("employe_id");
CREATE UNIQUE INDEX "app_paymentachat_fournisseur_id_pay_at_23686ffc_uniq" ON "app_paymentachat" ("fournisseur_id", "pay_at");
CREATE INDEX IF NOT EXISTS "app_paymentachat_fournisseur_id_79adb214" ON "app_paymentachat" ("fournisseur_id");
CREATE UNIQUE INDEX "app_paymentvente_client_id_pay_at_a628ceef_uniq" ON "app_paymentvente" ("client_id", "pay_at");
CREATE INDEX IF NOT EXISTS "app_paymentvente_client_id_c52815a0" ON "app_paymentvente" ("client_id");
CREATE UNIQUE INDEX "app_transfert_centre_id_produit_transfere_id_transfer_at_67b8afe0_uniq" ON "app_transfert" ("centre_id", "produit_transfere_id", "transfer_at");
CREATE INDEX IF NOT EXISTS "app_transfert_centre_id_f6c76dd0" ON "app_transfert" ("centre_id");
CREATE INDEX IF NOT EXISTS "app_transfert_produit_transfere_id_9bf43697" ON "app_transfert" ("produit_transfere_id");
CREATE UNIQUE INDEX "app_ventem_client_id_matiere_vendus_id_salled_at_638423cd_uniq" ON "app_ventem" ("client_id", "matiere_vendus_id", "salled_at");
CREATE INDEX IF NOT EXISTS "app_ventem_client_id_aec2496a" ON "app_ventem" ("client_id");
CREATE INDEX IF NOT EXISTS "app_ventem_matiere_vendus_id_50ab3035" ON "app_ventem" ("matiere_vendus_id");
CREATE INDEX IF NOT EXISTS "app_ventep_client_id_88d20d9a" ON "app_ventep" ("client_id");
CREATE INDEX IF NOT EXISTS "app_ventep_produit_vendus_id_13d61abc" ON "app_ventep" ("produit_vendus_id");
CREATE INDEX IF NOT EXISTS "app_ventep_lieu_ventes_id_df768cfb" ON "app_ventep" ("lieu_ventes_id");
CREATE UNIQUE INDEX "app_ventep_client_id_produit_vendus_id_salled_at_lieu_ventes_id_b4561e77_uniq" ON "app_ventep" ("client_id", "produit_vendus_id", "salled_at", "lieu_ventes_id");
CREATE UNIQUE INDEX "auth_group_permissions_group_id_permission_id_0cd325b0_uniq" ON "auth_group_permissions" ("group_id", "permission_id");
CREATE INDEX IF NOT EXISTS "auth_group_permissions_group_id_b120cbf9" ON "auth_group_permissions" ("group_id");
CREATE INDEX IF NOT EXISTS "auth_group_permissions_permission_id_84c5c92e" ON "auth_group_permissions" ("permission_id");
CREATE UNIQUE INDEX "auth_permission_content_type_id_codename_01ab375a_uniq" ON "auth_permission" ("content_type_id", "codename");
CREATE INDEX IF NOT EXISTS "auth_permission_content_type_id_2f476e4b" ON "auth_permission" ("content_type_id");
CREATE UNIQUE INDEX "auth_user_groups_user_id_group_id_94350c0c_uniq" ON "auth_user_groups" ("user_id", "group_id");
CREATE INDEX IF NOT EXISTS "auth_user_groups_user_id_6a12ed8b" ON "auth_user_groups" ("user_id");
CREATE INDEX IF NOT EXISTS "auth_user_groups_group_id_97559544" ON "auth_user_groups" ("group_id");
CREATE UNIQUE INDEX "auth_user_user_permissions_user_id_permission_id_14a6b632_uniq" ON "auth_user_user_permissions" ("user_id", "permission_id");
CREATE INDEX IF NOT EXISTS "auth_user_user_permissions_user_id_a95ead1b" ON "auth_user_user_permissions" ("user_id");
CREATE INDEX IF NOT EXISTS "auth_user_user_permissions_permission_id_1fbb5f2c" ON "auth_user_user_permissions" ("permission_id");
CREATE INDEX IF NOT EXISTS "django_admin_log_content_type_id_c4bce8eb" ON "django_admin_log" ("content_type_id");
CREATE INDEX IF NOT EXISTS "django_admin_log_user_id_c564eba6" ON "django_admin_log" ("user_id");
CREATE UNIQUE INDEX "django_content_type_app_label_model_76bd3d3b_uniq" ON "django_content_type" ("app_label", "model");
CREATE INDEX IF NOT EXISTS "django_session_expire_date_a5c62663" ON "django_session" ("expire_date");
CREATE INDEX IF NOT EXISTS "django_apscheduler_djangojob_next_run_time_2f022619" ON "django_apscheduler_djangojob" ("next_run_time");
CREATE INDEX IF NOT EXISTS "django_apscheduler_djangojobexecution_run_time_16edd96b" ON "django_apscheduler_djangojobexecution" ("run_time");
CREATE INDEX IF NOT EXISTS "django_apscheduler_djangojobexecution_job_id_daf5090a" ON "django_apscheduler_djangojobexecution" ("job_id");
CREATE TABLE IF NOT EXISTS "django_apscheduler_djangojob" ("id" varchar(255) NOT NULL PRIMARY KEY, "next_run_time" datetime NULL, "job_state" BLOB NOT NULL);
INSERT INTO "django_apscheduler_djangojob" VALUES('weekly_backup','2024-07-19 21:37:12.888972',X'80059502020000000000007D94288C0776657273696F6E944B018C026964948C0D7765656B6C795F6261636B7570948C0466756E63948C216170702E7363686564756C65722E7363686564756C65723A64625F6261636B7570948C0774726967676572948C1D61707363686564756C65722E74726967676572732E696E74657276616C948C0F496E74657276616C547269676765729493942981947D942868014B028C0874696D657A6F6E65948C086275696C74696E73948C07676574617474729493948C087A6F6E65696E666F948C085A6F6E65496E666F9493948C095F756E7069636B6C6594869452948C0C4166726963612F4C61676F73944B01869452948C0A73746172745F64617465948C086461746574696D65948C086461746574696D65949394430A07E8071316240C0D908C946818869452948C08656E645F64617465944E8C08696E74657276616C94681A8C0974696D6564656C74619493944B004B3C4B00879452948C066A6974746572944E75628C086578656375746F72948C0764656661756C74948C046172677394298C066B7761726773947D948C046E616D65948C0964625F6261636B7570948C126D6973666972655F67726163655F74696D65944B018C08636F616C6573636594888C0D6D61785F696E7374616E636573944B018C0D6E6578745F72756E5F74696D6594681C430A07E8071316250C0D908C94681886945294752E');
CREATE UNIQUE INDEX "app_absent_employe_id_date_abcence_5a9119a1_uniq" ON "app_absent" ("employe_id", "date_abcence");
CREATE INDEX IF NOT EXISTS "app_absent_employe_id_99ff3a28" ON "app_absent" ("employe_id");
CREATE UNIQUE INDEX "app_achat_fournisseur_id_matiere_achete_id_buyed_at_3b0e72b5_uniq" ON "app_achat" ("fournisseur_id", "matiere_achete_id", "buyed_at");
CREATE INDEX IF NOT EXISTS "app_achat_fournisseur_id_df1b44e7" ON "app_achat" ("fournisseur_id");
CREATE INDEX IF NOT EXISTS "app_achat_matiere_achete_id_7b00d22e" ON "app_achat" ("matiere_achete_id");
CREATE INDEX IF NOT EXISTS "app_employe_EmployeCentre_id_2b2d46a0" ON "app_employe" ("EmployeCentre_id");
CREATE UNIQUE INDEX "app_ingridiant_produit_id_matiere_id_0f3663d3_uniq" ON "app_ingridiant" ("produit_id", "matiere_id");
CREATE INDEX IF NOT EXISTS "app_ingridiant_matiere_id_5f5a9080" ON "app_ingridiant" ("matiere_id");
CREATE INDEX IF NOT EXISTS "app_ingridiant_produit_id_45775460" ON "app_ingridiant" ("produit_id");
CREATE UNIQUE INDEX "app_massrouf_employe_id_demende_at_1412f299_uniq" ON "app_massrouf" ("employe_id", "demende_at");
CREATE INDEX IF NOT EXISTS "app_massrouf_employe_id_4d109e96" ON "app_massrouf" ("employe_id");
CREATE UNIQUE INDEX "app_paymentachat_fournisseur_id_pay_at_23686ffc_uniq" ON "app_paymentachat" ("fournisseur_id", "pay_at");
CREATE INDEX IF NOT EXISTS "app_paymentachat_fournisseur_id_79adb214" ON "app_paymentachat" ("fournisseur_id");
CREATE UNIQUE INDEX "app_paymentvente_client_id_pay_at_a628ceef_uniq" ON "app_paymentvente" ("client_id", "pay_at");
CREATE INDEX IF NOT EXISTS "app_paymentvente_client_id_c52815a0" ON "app_paymentvente" ("client_id");
CREATE UNIQUE INDEX "app_transfert_centre_id_produit_transfere_id_transfer_at_67b8afe0_uniq" ON "app_transfert" ("centre_id", "produit_transfere_id", "transfer_at");
CREATE INDEX IF NOT EXISTS "app_transfert_centre_id_f6c76dd0" ON "app_transfert" ("centre_id");
CREATE INDEX IF NOT EXISTS "app_transfert_produit_transfere_id_9bf43697" ON "app_transfert" ("produit_transfere_id");
CREATE UNIQUE INDEX "app_ventem_client_id_matiere_vendus_id_salled_at_638423cd_uniq" ON "app_ventem" ("client_id", "matiere_vendus_id", "salled_at");
CREATE INDEX IF NOT EXISTS "app_ventem_client_id_aec2496a" ON "app_ventem" ("client_id");
CREATE INDEX IF NOT EXISTS "app_ventem_matiere_vendus_id_50ab3035" ON "app_ventem" ("matiere_vendus_id");
CREATE INDEX IF NOT EXISTS "app_ventep_client_id_88d20d9a" ON "app_ventep" ("client_id");
CREATE INDEX IF NOT EXISTS "app_ventep_produit_vendus_id_13d61abc" ON "app_ventep" ("produit_vendus_id");
CREATE INDEX IF NOT EXISTS "app_ventep_lieu_ventes_id_df768cfb" ON "app_ventep" ("lieu_ventes_id");
CREATE UNIQUE INDEX "app_ventep_client_id_produit_vendus_id_salled_at_lieu_ventes_id_b4561e77_uniq" ON "app_ventep" ("client_id", "produit_vendus_id", "salled_at", "lieu_ventes_id");
CREATE UNIQUE INDEX "auth_group_permissions_group_id_permission_id_0cd325b0_uniq" ON "auth_group_permissions" ("group_id", "permission_id");
CREATE INDEX IF NOT EXISTS "auth_group_permissions_group_id_b120cbf9" ON "auth_group_permissions" ("group_id");
CREATE INDEX IF NOT EXISTS "auth_group_permissions_permission_id_84c5c92e" ON "auth_group_permissions" ("permission_id");
CREATE UNIQUE INDEX "auth_permission_content_type_id_codename_01ab375a_uniq" ON "auth_permission" ("content_type_id", "codename");
CREATE INDEX IF NOT EXISTS "auth_permission_content_type_id_2f476e4b" ON "auth_permission" ("content_type_id");
CREATE UNIQUE INDEX "auth_user_groups_user_id_group_id_94350c0c_uniq" ON "auth_user_groups" ("user_id", "group_id");
CREATE INDEX IF NOT EXISTS "auth_user_groups_user_id_6a12ed8b" ON "auth_user_groups" ("user_id");
CREATE INDEX IF NOT EXISTS "auth_user_groups_group_id_97559544" ON "auth_user_groups" ("group_id");
CREATE UNIQUE INDEX "auth_user_user_permissions_user_id_permission_id_14a6b632_uniq" ON "auth_user_user_permissions" ("user_id", "permission_id");
CREATE INDEX IF NOT EXISTS "auth_user_user_permissions_user_id_a95ead1b" ON "auth_user_user_permissions" ("user_id");
CREATE INDEX IF NOT EXISTS "auth_user_user_permissions_permission_id_1fbb5f2c" ON "auth_user_user_permissions" ("permission_id");
CREATE INDEX IF NOT EXISTS "django_admin_log_content_type_id_c4bce8eb" ON "django_admin_log" ("content_type_id");
CREATE INDEX IF NOT EXISTS "django_admin_log_user_id_c564eba6" ON "django_admin_log" ("user_id");
CREATE UNIQUE INDEX "django_content_type_app_label_model_76bd3d3b_uniq" ON "django_content_type" ("app_label", "model");
CREATE INDEX IF NOT EXISTS "django_session_expire_date_a5c62663" ON "django_session" ("expire_date");
CREATE INDEX IF NOT EXISTS "django_apscheduler_djangojob_next_run_time_2f022619" ON "django_apscheduler_djangojob" ("next_run_time");
CREATE INDEX IF NOT EXISTS "django_apscheduler_djangojobexecution_run_time_16edd96b" ON "django_apscheduler_djangojobexecution" ("run_time");
CREATE INDEX IF NOT EXISTS "django_apscheduler_djangojobexecution_job_id_daf5090a" ON "django_apscheduler_djangojobexecution" ("job_id");
CREATE TABLE IF NOT EXISTS "django_apscheduler_djangojobexecution" ("id" integer NOT NULL PRIMARY KEY AUTOINCREMENT, "status" varchar(50) NOT NULL, "run_time" datetime NOT NULL, "duration" decimal NULL, "finished" decimal NULL, "exception" varchar(1000) NULL, "traceback" text NULL, "job_id" varchar(255) NOT NULL REFERENCES "django_apscheduler_djangojob" ("id") DEFERRABLE INITIALLY DEFERRED, CONSTRAINT "unique_job_executions" UNIQUE ("job_id", "run_time"));
INSERT INTO "django_apscheduler_djangojobexecution" VALUES(1,'Started execution','2024-07-19 21:36:12.888972',NULL,NULL,NULL,NULL,'weekly_backup');
CREATE UNIQUE INDEX "app_absent_employe_id_date_abcence_5a9119a1_uniq" ON "app_absent" ("employe_id", "date_abcence");
CREATE INDEX IF NOT EXISTS "app_absent_employe_id_99ff3a28" ON "app_absent" ("employe_id");
CREATE UNIQUE INDEX "app_achat_fournisseur_id_matiere_achete_id_buyed_at_3b0e72b5_uniq" ON "app_achat" ("fournisseur_id", "matiere_achete_id", "buyed_at");
CREATE INDEX IF NOT EXISTS "app_achat_fournisseur_id_df1b44e7" ON "app_achat" ("fournisseur_id");
CREATE INDEX IF NOT EXISTS "app_achat_matiere_achete_id_7b00d22e" ON "app_achat" ("matiere_achete_id");
CREATE INDEX IF NOT EXISTS "app_employe_EmployeCentre_id_2b2d46a0" ON "app_employe" ("EmployeCentre_id");
CREATE UNIQUE INDEX "app_ingridiant_produit_id_matiere_id_0f3663d3_uniq" ON "app_ingridiant" ("produit_id", "matiere_id");
CREATE INDEX IF NOT EXISTS "app_ingridiant_matiere_id_5f5a9080" ON "app_ingridiant" ("matiere_id");
CREATE INDEX IF NOT EXISTS "app_ingridiant_produit_id_45775460" ON "app_ingridiant" ("produit_id");
CREATE UNIQUE INDEX "app_massrouf_employe_id_demende_at_1412f299_uniq" ON "app_massrouf" ("employe_id", "demende_at");
CREATE INDEX IF NOT EXISTS "app_massrouf_employe_id_4d109e96" ON "app_massrouf" ("employe_id");
CREATE UNIQUE INDEX "app_paymentachat_fournisseur_id_pay_at_23686ffc_uniq" ON "app_paymentachat" ("fournisseur_id", "pay_at");
CREATE INDEX IF NOT EXISTS "app_paymentachat_fournisseur_id_79adb214" ON "app_paymentachat" ("fournisseur_id");
CREATE UNIQUE INDEX "app_paymentvente_client_id_pay_at_a628ceef_uniq" ON "app_paymentvente" ("client_id", "pay_at");
CREATE INDEX IF NOT EXISTS "app_paymentvente_client_id_c52815a0" ON "app_paymentvente" ("client_id");
CREATE UNIQUE INDEX "app_transfert_centre_id_produit_transfere_id_transfer_at_67b8afe0_uniq" ON "app_transfert" ("centre_id", "produit_transfere_id", "transfer_at");
CREATE INDEX IF NOT EXISTS "app_transfert_centre_id_f6c76dd0" ON "app_transfert" ("centre_id");
CREATE INDEX IF NOT EXISTS "app_transfert_produit_transfere_id_9bf43697" ON "app_transfert" ("produit_transfere_id");
CREATE UNIQUE INDEX "app_ventem_client_id_matiere_vendus_id_salled_at_638423cd_uniq" ON "app_ventem" ("client_id", "matiere_vendus_id", "salled_at");
CREATE INDEX IF NOT EXISTS "app_ventem_client_id_aec2496a" ON "app_ventem" ("client_id");
CREATE INDEX IF NOT EXISTS "app_ventem_matiere_vendus_id_50ab3035" ON "app_ventem" ("matiere_vendus_id");
CREATE INDEX IF NOT EXISTS "app_ventep_client_id_88d20d9a" ON "app_ventep" ("client_id");
CREATE INDEX IF NOT EXISTS "app_ventep_produit_vendus_id_13d61abc" ON "app_ventep" ("produit_vendus_id");
CREATE INDEX IF NOT EXISTS "app_ventep_lieu_ventes_id_df768cfb" ON "app_ventep" ("lieu_ventes_id");
CREATE UNIQUE INDEX "app_ventep_client_id_produit_vendus_id_salled_at_lieu_ventes_id_b4561e77_uniq" ON "app_ventep" ("client_id", "produit_vendus_id", "salled_at", "lieu_ventes_id");
CREATE UNIQUE INDEX "auth_group_permissions_group_id_permission_id_0cd325b0_uniq" ON "auth_group_permissions" ("group_id", "permission_id");
CREATE INDEX IF NOT EXISTS "auth_group_permissions_group_id_b120cbf9" ON "auth_group_permissions" ("group_id");
CREATE INDEX IF NOT EXISTS "auth_group_permissions_permission_id_84c5c92e" ON "auth_group_permissions" ("permission_id");
CREATE UNIQUE INDEX "auth_permission_content_type_id_codename_01ab375a_uniq" ON "auth_permission" ("content_type_id", "codename");
CREATE INDEX IF NOT EXISTS "auth_permission_content_type_id_2f476e4b" ON "auth_permission" ("content_type_id");
CREATE UNIQUE INDEX "auth_user_groups_user_id_group_id_94350c0c_uniq" ON "auth_user_groups" ("user_id", "group_id");
CREATE INDEX IF NOT EXISTS "auth_user_groups_user_id_6a12ed8b" ON "auth_user_groups" ("user_id");
CREATE INDEX IF NOT EXISTS "auth_user_groups_group_id_97559544" ON "auth_user_groups" ("group_id");
CREATE UNIQUE INDEX "auth_user_user_permissions_user_id_permission_id_14a6b632_uniq" ON "auth_user_user_permissions" ("user_id", "permission_id");
CREATE INDEX IF NOT EXISTS "auth_user_user_permissions_user_id_a95ead1b" ON "auth_user_user_permissions" ("user_id");
CREATE INDEX IF NOT EXISTS "auth_user_user_permissions_permission_id_1fbb5f2c" ON "auth_user_user_permissions" ("permission_id");
CREATE INDEX IF NOT EXISTS "django_admin_log_content_type_id_c4bce8eb" ON "django_admin_log" ("content_type_id");
CREATE INDEX IF NOT EXISTS "django_admin_log_user_id_c564eba6" ON "django_admin_log" ("user_id");
CREATE UNIQUE INDEX "django_content_type_app_label_model_76bd3d3b_uniq" ON "django_content_type" ("app_label", "model");
CREATE INDEX IF NOT EXISTS "django_session_expire_date_a5c62663" ON "django_session" ("expire_date");
CREATE INDEX IF NOT EXISTS "django_apscheduler_djangojob_next_run_time_2f022619" ON "django_apscheduler_djangojob" ("next_run_time");
CREATE INDEX IF NOT EXISTS "django_apscheduler_djangojobexecution_run_time_16edd96b" ON "django_apscheduler_djangojobexecution" ("run_time");
CREATE INDEX IF NOT EXISTS "django_apscheduler_djangojobexecution_job_id_daf5090a" ON "django_apscheduler_djangojobexecution" ("job_id");
CREATE TABLE IF NOT EXISTS "django_content_type" ("id" integer NOT NULL PRIMARY KEY AUTOINCREMENT, "app_label" varchar(100) NOT NULL, "model" varchar(100) NOT NULL);
INSERT INTO "django_content_type" VALUES(1,'admin','logentry');
INSERT INTO "django_content_type" VALUES(2,'auth','permission');
INSERT INTO "django_content_type" VALUES(3,'auth','group');
INSERT INTO "django_content_type" VALUES(4,'auth','user');
INSERT INTO "django_content_type" VALUES(5,'contenttypes','contenttype');
INSERT INTO "django_content_type" VALUES(6,'sessions','session');
INSERT INTO "django_content_type" VALUES(7,'app','centre');
INSERT INTO "django_content_type" VALUES(8,'app','client');
INSERT INTO "django_content_type" VALUES(9,'app','fournisseur');
INSERT INTO "django_content_type" VALUES(10,'app','matierepremiere');
INSERT INTO "django_content_type" VALUES(11,'app','produit');
INSERT INTO "django_content_type" VALUES(12,'app','employe');
INSERT INTO "django_content_type" VALUES(13,'app','massrouf');
INSERT INTO "django_content_type" VALUES(14,'app','achat');
INSERT INTO "django_content_type" VALUES(15,'app','paymentachat');
INSERT INTO "django_content_type" VALUES(16,'app','paymentvente');
INSERT INTO "django_content_type" VALUES(17,'app','ventem');
INSERT INTO "django_content_type" VALUES(18,'app','ventep');
INSERT INTO "django_content_type" VALUES(19,'app','transfert');
INSERT INTO "django_content_type" VALUES(20,'app','ingridiant');
INSERT INTO "django_content_type" VALUES(21,'app','absent');
INSERT INTO "django_content_type" VALUES(22,'django_apscheduler','djangojob');
INSERT INTO "django_content_type" VALUES(23,'django_apscheduler','djangojobexecution');
CREATE UNIQUE INDEX "app_absent_employe_id_date_abcence_5a9119a1_uniq" ON "app_absent" ("employe_id", "date_abcence");
CREATE INDEX IF NOT EXISTS "app_absent_employe_id_99ff3a28" ON "app_absent" ("employe_id");
CREATE UNIQUE INDEX "app_achat_fournisseur_id_matiere_achete_id_buyed_at_3b0e72b5_uniq" ON "app_achat" ("fournisseur_id", "matiere_achete_id", "buyed_at");
CREATE INDEX IF NOT EXISTS "app_achat_fournisseur_id_df1b44e7" ON "app_achat" ("fournisseur_id");
CREATE INDEX IF NOT EXISTS "app_achat_matiere_achete_id_7b00d22e" ON "app_achat" ("matiere_achete_id");
CREATE INDEX IF NOT EXISTS "app_employe_EmployeCentre_id_2b2d46a0" ON "app_employe" ("EmployeCentre_id");
CREATE UNIQUE INDEX "app_ingridiant_produit_id_matiere_id_0f3663d3_uniq" ON "app_ingridiant" ("produit_id", "matiere_id");
CREATE INDEX IF NOT EXISTS "app_ingridiant_matiere_id_5f5a9080" ON "app_ingridiant" ("matiere_id");
CREATE INDEX IF NOT EXISTS "app_ingridiant_produit_id_45775460" ON "app_ingridiant" ("produit_id");
CREATE UNIQUE INDEX "app_massrouf_employe_id_demende_at_1412f299_uniq" ON "app_massrouf" ("employe_id", "demende_at");
CREATE INDEX IF NOT EXISTS "app_massrouf_employe_id_4d109e96" ON "app_massrouf" ("employe_id");
CREATE UNIQUE INDEX "app_paymentachat_fournisseur_id_pay_at_23686ffc_uniq" ON "app_paymentachat" ("fournisseur_id", "pay_at");
CREATE INDEX IF NOT EXISTS "app_paymentachat_fournisseur_id_79adb214" ON "app_paymentachat" ("fournisseur_id");
CREATE UNIQUE INDEX "app_paymentvente_client_id_pay_at_a628ceef_uniq" ON "app_paymentvente" ("client_id", "pay_at");
CREATE INDEX IF NOT EXISTS "app_paymentvente_client_id_c52815a0" ON "app_paymentvente" ("client_id");
CREATE UNIQUE INDEX "app_transfert_centre_id_produit_transfere_id_transfer_at_67b8afe0_uniq" ON "app_transfert" ("centre_id", "produit_transfere_id", "transfer_at");
CREATE INDEX IF NOT EXISTS "app_transfert_centre_id_f6c76dd0" ON "app_transfert" ("centre_id");
CREATE INDEX IF NOT EXISTS "app_transfert_produit_transfere_id_9bf43697" ON "app_transfert" ("produit_transfere_id");
CREATE UNIQUE INDEX "app_ventem_client_id_matiere_vendus_id_salled_at_638423cd_uniq" ON "app_ventem" ("client_id", "matiere_vendus_id", "salled_at");
CREATE INDEX IF NOT EXISTS "app_ventem_client_id_aec2496a" ON "app_ventem" ("client_id");
CREATE INDEX IF NOT EXISTS "app_ventem_matiere_vendus_id_50ab3035" ON "app_ventem" ("matiere_vendus_id");
CREATE INDEX IF NOT EXISTS "app_ventep_client_id_88d20d9a" ON "app_ventep" ("client_id");
CREATE INDEX IF NOT EXISTS "app_ventep_produit_vendus_id_13d61abc" ON "app_ventep" ("produit_vendus_id");
CREATE INDEX IF NOT EXISTS "app_ventep_lieu_ventes_id_df768cfb" ON "app_ventep" ("lieu_ventes_id");
CREATE UNIQUE INDEX "app_ventep_client_id_produit_vendus_id_salled_at_lieu_ventes_id_b4561e77_uniq" ON "app_ventep" ("client_id", "produit_vendus_id", "salled_at", "lieu_ventes_id");
CREATE UNIQUE INDEX "auth_group_permissions_group_id_permission_id_0cd325b0_uniq" ON "auth_group_permissions" ("group_id", "permission_id");
CREATE INDEX IF NOT EXISTS "auth_group_permissions_group_id_b120cbf9" ON "auth_group_permissions" ("group_id");
CREATE INDEX IF NOT EXISTS "auth_group_permissions_permission_id_84c5c92e" ON "auth_group_permissions" ("permission_id");
CREATE UNIQUE INDEX "auth_permission_content_type_id_codename_01ab375a_uniq" ON "auth_permission" ("content_type_id", "codename");
CREATE INDEX IF NOT EXISTS "auth_permission_content_type_id_2f476e4b" ON "auth_permission" ("content_type_id");
CREATE UNIQUE INDEX "auth_user_groups_user_id_group_id_94350c0c_uniq" ON "auth_user_groups" ("user_id", "group_id");
CREATE INDEX IF NOT EXISTS "auth_user_groups_user_id_6a12ed8b" ON "auth_user_groups" ("user_id");
CREATE INDEX IF NOT EXISTS "auth_user_groups_group_id_97559544" ON "auth_user_groups" ("group_id");
CREATE UNIQUE INDEX "auth_user_user_permissions_user_id_permission_id_14a6b632_uniq" ON "auth_user_user_permissions" ("user_id", "permission_id");
CREATE INDEX IF NOT EXISTS "auth_user_user_permissions_user_id_a95ead1b" ON "auth_user_user_permissions" ("user_id");
CREATE INDEX IF NOT EXISTS "auth_user_user_permissions_permission_id_1fbb5f2c" ON "auth_user_user_permissions" ("permission_id");
CREATE INDEX IF NOT EXISTS "django_admin_log_content_type_id_c4bce8eb" ON "django_admin_log" ("content_type_id");
CREATE INDEX IF NOT EXISTS "django_admin_log_user_id_c564eba6" ON "django_admin_log" ("user_id");
CREATE UNIQUE INDEX "django_content_type_app_label_model_76bd3d3b_uniq" ON "django_content_type" ("app_label", "model");
CREATE INDEX IF NOT EXISTS "django_session_expire_date_a5c62663" ON "django_session" ("expire_date");
CREATE INDEX IF NOT EXISTS "django_apscheduler_djangojob_next_run_time_2f022619" ON "django_apscheduler_djangojob" ("next_run_time");
CREATE INDEX IF NOT EXISTS "django_apscheduler_djangojobexecution_run_time_16edd96b" ON "django_apscheduler_djangojobexecution" ("run_time");
CREATE INDEX IF NOT EXISTS "django_apscheduler_djangojobexecution_job_id_daf5090a" ON "django_apscheduler_djangojobexecution" ("job_id");
CREATE TABLE IF NOT EXISTS "django_migrations" ("id" integer NOT NULL PRIMARY KEY AUTOINCREMENT, "app" varchar(255) NOT NULL, "name" varchar(255) NOT NULL, "applied" datetime NOT NULL);
INSERT INTO "django_migrations" VALUES(1,'contenttypes','0001_initial','2024-01-23 19:30:11.469838');
INSERT INTO "django_migrations" VALUES(2,'auth','0001_initial','2024-01-23 19:30:11.513305');
INSERT INTO "django_migrations" VALUES(3,'admin','0001_initial','2024-01-23 19:30:11.557481');
INSERT INTO "django_migrations" VALUES(4,'admin','0002_logentry_remove_auto_add','2024-01-23 19:30:11.596219');
INSERT INTO "django_migrations" VALUES(5,'admin','0003_logentry_add_action_flag_choices','2024-01-23 19:30:11.617778');
INSERT INTO "django_migrations" VALUES(6,'app','0001_initial','2024-01-23 19:30:11.716139');
INSERT INTO "django_migrations" VALUES(7,'app','0002_alter_transfertprod_unique_together_and_more','2024-01-23 19:30:11.817636');
INSERT INTO "django_migrations" VALUES(8,'app','0003_delete_user','2024-01-23 19:30:11.833224');
INSERT INTO "django_migrations" VALUES(9,'app','0004_alter_transfert_centre','2024-01-23 19:30:11.863002');
INSERT INTO "django_migrations" VALUES(10,'app','0005_ingridiant','2024-01-23 19:30:11.946724');
INSERT INTO "django_migrations" VALUES(11,'app','0006_centre_active_client_active_employe_active_and_more','2024-01-23 19:30:11.984985');
INSERT INTO "django_migrations" VALUES(12,'app','0007_matierepremiere_prix_unitaire_ven','2024-01-23 19:30:12.008761');
INSERT INTO "django_migrations" VALUES(13,'app','0008_alter_achat_buyed_at_alter_massrouf_demende_at_and_more','2024-01-23 19:30:12.129782');
INSERT INTO "django_migrations" VALUES(14,'app','0009_achat_quantitdispo_alter_massrouf_demende_at_and_more','2024-01-23 19:30:12.196407');
INSERT INTO "django_migrations" VALUES(15,'app','0010_alter_centre_codec','2024-01-23 19:30:12.211753');
INSERT INTO "django_migrations" VALUES(16,'app','0011_alter_achat_matiere_achete','2024-01-23 19:30:12.240537');
INSERT INTO "django_migrations" VALUES(17,'contenttypes','0002_remove_content_type_name','2024-01-23 19:30:12.291148');
INSERT INTO "django_migrations" VALUES(18,'auth','0002_alter_permission_name_max_length','2024-01-23 19:30:12.314492');
INSERT INTO "django_migrations" VALUES(19,'auth','0003_alter_user_email_max_length','2024-01-23 19:30:12.338307');
INSERT INTO "django_migrations" VALUES(20,'auth','0004_alter_user_username_opts','2024-01-23 19:30:12.357395');
INSERT INTO "django_migrations" VALUES(21,'auth','0005_alter_user_last_login_null','2024-01-23 19:30:12.383135');
INSERT INTO "django_migrations" VALUES(22,'auth','0006_require_contenttypes_0002','2024-01-23 19:30:12.402185');
INSERT INTO "django_migrations" VALUES(23,'auth','0007_alter_validators_add_error_messages','2024-01-23 19:30:12.422694');
INSERT INTO "django_migrations" VALUES(24,'auth','0008_alter_user_username_max_length','2024-01-23 19:30:12.456234');
INSERT INTO "django_migrations" VALUES(25,'auth','0009_alter_user_last_name_max_length','2024-01-23 19:30:12.488670');
INSERT INTO "django_migrations" VALUES(26,'auth','0010_alter_group_name_max_length','2024-01-23 19:30:12.517681');
INSERT INTO "django_migrations" VALUES(27,'auth','0011_update_proxy_permissions','2024-01-23 19:30:12.569755');
INSERT INTO "django_migrations" VALUES(28,'auth','0012_alter_user_first_name_max_length','2024-01-23 19:30:12.597796');
INSERT INTO "django_migrations" VALUES(29,'sessions','0001_initial','2024-01-23 19:30:12.626212');
INSERT INTO "django_migrations" VALUES(30,'app','0012_alter_ventep_unique_together_and_more','2024-01-23 19:49:07.461261');
INSERT INTO "django_migrations" VALUES(31,'app','0013_remove_matierepremiere_created_at','2024-01-23 22:18:00.017604');
INSERT INTO "django_migrations" VALUES(32,'app','0014_remove_produit_created_at','2024-01-23 22:19:50.169655');
INSERT INTO "django_migrations" VALUES(33,'django_apscheduler','0001_initial','2024-07-19 21:34:42.501241');
INSERT INTO "django_migrations" VALUES(34,'django_apscheduler','0002_auto_20180412_0758','2024-07-19 21:34:42.742978');
INSERT INTO "django_migrations" VALUES(35,'django_apscheduler','0003_auto_20200716_1632','2024-07-19 21:34:42.856042');
INSERT INTO "django_migrations" VALUES(36,'django_apscheduler','0004_auto_20200717_1043','2024-07-19 21:34:43.029263');
INSERT INTO "django_migrations" VALUES(37,'django_apscheduler','0005_migrate_name_to_id','2024-07-19 21:34:43.216122');
INSERT INTO "django_migrations" VALUES(38,'django_apscheduler','0006_remove_djangojob_name','2024-07-19 21:34:43.343984');
INSERT INTO "django_migrations" VALUES(39,'django_apscheduler','0007_auto_20200717_1404','2024-07-19 21:34:43.513914');
INSERT INTO "django_migrations" VALUES(40,'django_apscheduler','0008_remove_djangojobexecution_started','2024-07-19 21:34:43.623275');
INSERT INTO "django_migrations" VALUES(41,'django_apscheduler','0009_djangojobexecution_unique_job_executions','2024-07-19 21:34:43.726300');
CREATE UNIQUE INDEX "app_absent_employe_id_date_abcence_5a9119a1_uniq" ON "app_absent" ("employe_id", "date_abcence");
CREATE INDEX IF NOT EXISTS "app_absent_employe_id_99ff3a28" ON "app_absent" ("employe_id");
CREATE UNIQUE INDEX "app_achat_fournisseur_id_matiere_achete_id_buyed_at_3b0e72b5_uniq" ON "app_achat" ("fournisseur_id", "matiere_achete_id", "buyed_at");
CREATE INDEX IF NOT EXISTS "app_achat_fournisseur_id_df1b44e7" ON "app_achat" ("fournisseur_id");
CREATE INDEX IF NOT EXISTS "app_achat_matiere_achete_id_7b00d22e" ON "app_achat" ("matiere_achete_id");
CREATE INDEX IF NOT EXISTS "app_employe_EmployeCentre_id_2b2d46a0" ON "app_employe" ("EmployeCentre_id");
CREATE UNIQUE INDEX "app_ingridiant_produit_id_matiere_id_0f3663d3_uniq" ON "app_ingridiant" ("produit_id", "matiere_id");
CREATE INDEX IF NOT EXISTS "app_ingridiant_matiere_id_5f5a9080" ON "app_ingridiant" ("matiere_id");
CREATE INDEX IF NOT EXISTS "app_ingridiant_produit_id_45775460" ON "app_ingridiant" ("produit_id");
CREATE UNIQUE INDEX "app_massrouf_employe_id_demende_at_1412f299_uniq" ON "app_massrouf" ("employe_id", "demende_at");
CREATE INDEX IF NOT EXISTS "app_massrouf_employe_id_4d109e96" ON "app_massrouf" ("employe_id");
CREATE UNIQUE INDEX "app_paymentachat_fournisseur_id_pay_at_23686ffc_uniq" ON "app_paymentachat" ("fournisseur_id", "pay_at");
CREATE INDEX IF NOT EXISTS "app_paymentachat_fournisseur_id_79adb214" ON "app_paymentachat" ("fournisseur_id");
CREATE UNIQUE INDEX "app_paymentvente_client_id_pay_at_a628ceef_uniq" ON "app_paymentvente" ("client_id", "pay_at");
CREATE INDEX IF NOT EXISTS "app_paymentvente_client_id_c52815a0" ON "app_paymentvente" ("client_id");
CREATE UNIQUE INDEX "app_transfert_centre_id_produit_transfere_id_transfer_at_67b8afe0_uniq" ON "app_transfert" ("centre_id", "produit_transfere_id", "transfer_at");
CREATE INDEX IF NOT EXISTS "app_transfert_centre_id_f6c76dd0" ON "app_transfert" ("centre_id");
CREATE INDEX IF NOT EXISTS "app_transfert_produit_transfere_id_9bf43697" ON "app_transfert" ("produit_transfere_id");
CREATE UNIQUE INDEX "app_ventem_client_id_matiere_vendus_id_salled_at_638423cd_uniq" ON "app_ventem" ("client_id", "matiere_vendus_id", "salled_at");
CREATE INDEX IF NOT EXISTS "app_ventem_client_id_aec2496a" ON "app_ventem" ("client_id");
CREATE INDEX IF NOT EXISTS "app_ventem_matiere_vendus_id_50ab3035" ON "app_ventem" ("matiere_vendus_id");
CREATE INDEX IF NOT EXISTS "app_ventep_client_id_88d20d9a" ON "app_ventep" ("client_id");
CREATE INDEX IF NOT EXISTS "app_ventep_produit_vendus_id_13d61abc" ON "app_ventep" ("produit_vendus_id");
CREATE INDEX IF NOT EXISTS "app_ventep_lieu_ventes_id_df768cfb" ON "app_ventep" ("lieu_ventes_id");
CREATE UNIQUE INDEX "app_ventep_client_id_produit_vendus_id_salled_at_lieu_ventes_id_b4561e77_uniq" ON "app_ventep" ("client_id", "produit_vendus_id", "salled_at", "lieu_ventes_id");
CREATE UNIQUE INDEX "auth_group_permissions_group_id_permission_id_0cd325b0_uniq" ON "auth_group_permissions" ("group_id", "permission_id");
CREATE INDEX IF NOT EXISTS "auth_group_permissions_group_id_b120cbf9" ON "auth_group_permissions" ("group_id");
CREATE INDEX IF NOT EXISTS "auth_group_permissions_permission_id_84c5c92e" ON "auth_group_permissions" ("permission_id");
CREATE UNIQUE INDEX "auth_permission_content_type_id_codename_01ab375a_uniq" ON "auth_permission" ("content_type_id", "codename");
CREATE INDEX IF NOT EXISTS "auth_permission_content_type_id_2f476e4b" ON "auth_permission" ("content_type_id");
CREATE UNIQUE INDEX "auth_user_groups_user_id_group_id_94350c0c_uniq" ON "auth_user_groups" ("user_id", "group_id");
CREATE INDEX IF NOT EXISTS "auth_user_groups_user_id_6a12ed8b" ON "auth_user_groups" ("user_id");
CREATE INDEX IF NOT EXISTS "auth_user_groups_group_id_97559544" ON "auth_user_groups" ("group_id");
CREATE UNIQUE INDEX "auth_user_user_permissions_user_id_permission_id_14a6b632_uniq" ON "auth_user_user_permissions" ("user_id", "permission_id");
CREATE INDEX IF NOT EXISTS "auth_user_user_permissions_user_id_a95ead1b" ON "auth_user_user_permissions" ("user_id");
CREATE INDEX IF NOT EXISTS "auth_user_user_permissions_permission_id_1fbb5f2c" ON "auth_user_user_permissions" ("permission_id");
CREATE INDEX IF NOT EXISTS "django_admin_log_content_type_id_c4bce8eb" ON "django_admin_log" ("content_type_id");
CREATE INDEX IF NOT EXISTS "django_admin_log_user_id_c564eba6" ON "django_admin_log" ("user_id");
CREATE UNIQUE INDEX "django_content_type_app_label_model_76bd3d3b_uniq" ON "django_content_type" ("app_label", "model");
CREATE INDEX IF NOT EXISTS "django_session_expire_date_a5c62663" ON "django_session" ("expire_date");
CREATE INDEX IF NOT EXISTS "django_apscheduler_djangojob_next_run_time_2f022619" ON "django_apscheduler_djangojob" ("next_run_time");
CREATE INDEX IF NOT EXISTS "django_apscheduler_djangojobexecution_run_time_16edd96b" ON "django_apscheduler_djangojobexecution" ("run_time");
CREATE INDEX IF NOT EXISTS "django_apscheduler_djangojobexecution_job_id_daf5090a" ON "django_apscheduler_djangojobexecution" ("job_id");
CREATE TABLE IF NOT EXISTS "django_session" ("session_key" varchar(40) NOT NULL PRIMARY KEY, "session_data" text NOT NULL, "expire_date" datetime NOT NULL);
INSERT INTO "django_session" VALUES('seagezsh3f30ckhztqm449hl2mz4bmzp','.eJxVjMsOwiAQRf-FtSHAMAgu3fcbyPCSqoGktCvjv2uTLnR7zzn3xTxta_XbyIufE7swyU6_W6D4yG0H6U7t1nnsbV3mwHeFH3Twqaf8vB7u30GlUb-1AkgSikSJxaqCwqBzTpMsIWrhQgLUKgph3VkiiJCL1WBUUQYIERR7fwCu3jZL:1rSQ8t:mL4KRpuJdRhUuh-DK_LEYXEZeBwKs6Qq1KxUPLV05FU','2024-02-06 23:25:19.203252');
INSERT INTO "django_session" VALUES('tfoxagtp7nr6s173qolutcxmoqdn8vlz','.eJxVjMsOwiAQRf-FtSE8C7h07zeQAWakaiAp7cr479qkC93ec859sQjbWuM2cIlzYWem2Ol3S5Af2HZQ7tBunefe1mVOfFf4QQe_9oLPy-H-HVQY9VtLaYVRqIPyQTuLdiJCmUIolAEgEWmyUqGbfACRMFiUVKRwmgxqb9j7A9_aOBU:1rSspu:CDzbiOzBs3mFtBEnbZnJtnvNTXNw9CAMm8q8_3d6tu0','2024-02-08 06:03:38.420626');
INSERT INTO "django_session" VALUES('4jivmxbo7pzygmaqm02vj39rhco85g2q','.eJxVjMsOwiAQRf-FtSHAMAgu3fcbyPCSqoGktCvjv2uTLnR7zzn3xTxta_XbyIufE7swyU6_W6D4yG0H6U7t1nnsbV3mwHeFH3Twqaf8vB7u30GlUb-1AkgSikSJxaqCwqBzTpMsIWrhQgLUKgph3VkiiJCL1WBUUQYIERR7fwCu3jZL:1rSyjQ:FLJFPIn9gapacUr65CThosYEf_qnH5kcb43VXo1szoI','2024-02-08 12:21:20.651379');
INSERT INTO "django_session" VALUES('haj45brikhxdj67zarfb4i3y0zwjl2p3','.eJxVjDsOwjAQBe_iGlnxOpusKek5g7XrDw4gW8qnQtwdIqWA9s3MeynP21r8tqTZT1GdFarT7yYcHqnuIN653poOra7zJHpX9EEXfW0xPS-H-3dQeCnf2iAhpNF2IGQABHKQgM4IEDHGkZEo9eCkB8uY-w4GSmNng8luyBHU-wPAgDcV:1sU1kt:EIua4DDKOHLJJSb-TcGGLr1UGKqUPbY2DBO1UdIRmbg','2024-07-31 10:19:27.750810');
CREATE UNIQUE INDEX "app_absent_employe_id_date_abcence_5a9119a1_uniq" ON "app_absent" ("employe_id", "date_abcence");
CREATE INDEX IF NOT EXISTS "app_absent_employe_id_99ff3a28" ON "app_absent" ("employe_id");
CREATE UNIQUE INDEX "app_achat_fournisseur_id_matiere_achete_id_buyed_at_3b0e72b5_uniq" ON "app_achat" ("fournisseur_id", "matiere_achete_id", "buyed_at");
CREATE INDEX IF NOT EXISTS "app_achat_fournisseur_id_df1b44e7" ON "app_achat" ("fournisseur_id");
CREATE INDEX IF NOT EXISTS "app_achat_matiere_achete_id_7b00d22e" ON "app_achat" ("matiere_achete_id");
CREATE INDEX IF NOT EXISTS "app_employe_EmployeCentre_id_2b2d46a0" ON "app_employe" ("EmployeCentre_id");
CREATE UNIQUE INDEX "app_ingridiant_produit_id_matiere_id_0f3663d3_uniq" ON "app_ingridiant" ("produit_id", "matiere_id");
CREATE INDEX IF NOT EXISTS "app_ingridiant_matiere_id_5f5a9080" ON "app_ingridiant" ("matiere_id");
CREATE INDEX IF NOT EXISTS "app_ingridiant_produit_id_45775460" ON "app_ingridiant" ("produit_id");
CREATE UNIQUE INDEX "app_massrouf_employe_id_demende_at_1412f299_uniq" ON "app_massrouf" ("employe_id", "demende_at");
CREATE INDEX IF NOT EXISTS "app_massrouf_employe_id_4d109e96" ON "app_massrouf" ("employe_id");
CREATE UNIQUE INDEX "app_paymentachat_fournisseur_id_pay_at_23686ffc_uniq" ON "app_paymentachat" ("fournisseur_id", "pay_at");
CREATE INDEX IF NOT EXISTS "app_paymentachat_fournisseur_id_79adb214" ON "app_paymentachat" ("fournisseur_id");
CREATE UNIQUE INDEX "app_paymentvente_client_id_pay_at_a628ceef_uniq" ON "app_paymentvente" ("client_id", "pay_at");
CREATE INDEX IF NOT EXISTS "app_paymentvente_client_id_c52815a0" ON "app_paymentvente" ("client_id");
CREATE UNIQUE INDEX "app_transfert_centre_id_produit_transfere_id_transfer_at_67b8afe0_uniq" ON "app_transfert" ("centre_id", "produit_transfere_id", "transfer_at");
CREATE INDEX IF NOT EXISTS "app_transfert_centre_id_f6c76dd0" ON "app_transfert" ("centre_id");
CREATE INDEX IF NOT EXISTS "app_transfert_produit_transfere_id_9bf43697" ON "app_transfert" ("produit_transfere_id");
CREATE UNIQUE INDEX "app_ventem_client_id_matiere_vendus_id_salled_at_638423cd_uniq" ON "app_ventem" ("client_id", "matiere_vendus_id", "salled_at");
CREATE INDEX IF NOT EXISTS "app_ventem_client_id_aec2496a" ON "app_ventem" ("client_id");
CREATE INDEX IF NOT EXISTS "app_ventem_matiere_vendus_id_50ab3035" ON "app_ventem" ("matiere_vendus_id");
CREATE INDEX IF NOT EXISTS "app_ventep_client_id_88d20d9a" ON "app_ventep" ("client_id");
CREATE INDEX IF NOT EXISTS "app_ventep_produit_vendus_id_13d61abc" ON "app_ventep" ("produit_vendus_id");
CREATE INDEX IF NOT EXISTS "app_ventep_lieu_ventes_id_df768cfb" ON "app_ventep" ("lieu_ventes_id");
CREATE UNIQUE INDEX "app_ventep_client_id_produit_vendus_id_salled_at_lieu_ventes_id_b4561e77_uniq" ON "app_ventep" ("client_id", "produit_vendus_id", "salled_at", "lieu_ventes_id");
CREATE UNIQUE INDEX "auth_group_permissions_group_id_permission_id_0cd325b0_uniq" ON "auth_group_permissions" ("group_id", "permission_id");
CREATE INDEX IF NOT EXISTS "auth_group_permissions_group_id_b120cbf9" ON "auth_group_permissions" ("group_id");
CREATE INDEX IF NOT EXISTS "auth_group_permissions_permission_id_84c5c92e" ON "auth_group_permissions" ("permission_id");
CREATE UNIQUE INDEX "auth_permission_content_type_id_codename_01ab375a_uniq" ON "auth_permission" ("content_type_id", "codename");
CREATE INDEX IF NOT EXISTS "auth_permission_content_type_id_2f476e4b" ON "auth_permission" ("content_type_id");
CREATE UNIQUE INDEX "auth_user_groups_user_id_group_id_94350c0c_uniq" ON "auth_user_groups" ("user_id", "group_id");
CREATE INDEX IF NOT EXISTS "auth_user_groups_user_id_6a12ed8b" ON "auth_user_groups" ("user_id");
CREATE INDEX IF NOT EXISTS "auth_user_groups_group_id_97559544" ON "auth_user_groups" ("group_id");
CREATE UNIQUE INDEX "auth_user_user_permissions_user_id_permission_id_14a6b632_uniq" ON "auth_user_user_permissions" ("user_id", "permission_id");
CREATE INDEX IF NOT EXISTS "auth_user_user_permissions_user_id_a95ead1b" ON "auth_user_user_permissions" ("user_id");
CREATE INDEX IF NOT EXISTS "auth_user_user_permissions_permission_id_1fbb5f2c" ON "auth_user_user_permissions" ("permission_id");
CREATE INDEX IF NOT EXISTS "django_admin_log_content_type_id_c4bce8eb" ON "django_admin_log" ("content_type_id");
CREATE INDEX IF NOT EXISTS "django_admin_log_user_id_c564eba6" ON "django_admin_log" ("user_id");
CREATE UNIQUE INDEX "django_content_type_app_label_model_76bd3d3b_uniq" ON "django_content_type" ("app_label", "model");
CREATE INDEX IF NOT EXISTS "django_session_expire_date_a5c62663" ON "django_session" ("expire_date");
CREATE INDEX IF NOT EXISTS "django_apscheduler_djangojob_next_run_time_2f022619" ON "django_apscheduler_djangojob" ("next_run_time");
CREATE INDEX IF NOT EXISTS "django_apscheduler_djangojobexecution_run_time_16edd96b" ON "django_apscheduler_djangojobexecution" ("run_time");
CREATE INDEX IF NOT EXISTS "django_apscheduler_djangojobexecution_job_id_daf5090a" ON "django_apscheduler_djangojobexecution" ("job_id");
